library_id,brand_id,model_ids,library_name,notes,attributes
74799fdd-cb05-4d05-a413-5faccb492cc5,02e4c758-202c-11f1-a0d3-0072ee78ad39,"371d5049-19b0-43c5-aad5-5f792045e301,371d5049-19b0-43c5-aad5-5f792045e301,1afbe466-801c-4582-b9ec-a7b34e8db3a1,c8053955-c576-4590-9d7f-55975a1f1a3d",Analog Monsters FREE,Dr. Rex; NN-19; NNXT; WAV,
c27e697b-06f3-47df-89f3-7853d83d1c2d,acd9f372-74fb-4c7d-b2a3-ea540c5917f2,70548c81-3989-40e8-95ec-b35cbae8ca30,Electronic Piano Bass,SampleTank - Load,
55a94ed8-5bb0-47e3-b456-f9d0884f2d0e,acd9f372-74fb-4c7d-b2a3-ea540c5917f2,3b1e6ebc-1738-47a5-88a5-d25b600a10e7,Stage 73 Mark V,SampleTank - Load,
86722e58-1227-4d47-a1ae-410d6ec6879f,acd9f372-74fb-4c7d-b2a3-ea540c5917f2,07ec44fe-930b-4efd-b94f-6ccae5feaaf9,Wurly Model 120,SampleTank - Load,
d27fdb73-fc6b-498b-a2bf-2bac61cf5e8d,acd9f372-74fb-4c7d-b2a3-ea540c5917f2,81a92ece-4a25-4b2c-a5cd-7a3a5dc22fc1,Electric Grand C70P,SampleTank - Load,
5a23bd63-56ac-4a9f-a94f-d5ed78a90f81,3edd4e7b-8665-4884-a0b1-8e5ee44b263d,,Aetheria Choir,,
7a910ee3-d55e-463a-8bd6-d20024081c21,3edd4e7b-8665-4884-a0b1-8e5ee44b263d,,Anthology Strings,,
d6a056e2-4fc8-4ee2-b73f-a3e87de1fff2,3edd4e7b-8665-4884-a0b1-8e5ee44b263d,,CAGE Bundle,,
1d1075e6-9b89-4a9d-a284-6bbabfcc1a55,3edd4e7b-8665-4884-a0b1-8e5ee44b263d,,Century Ensemble Brass Bundle,,
a1a1f326-2124-4b61-ad21-f726430bf6f2,3edd4e7b-8665-4884-a0b1-8e5ee44b263d,,Century Ostinato Strings,,
d0942ee0-a147-4011-bb76-6d3576eef110,3edd4e7b-8665-4884-a0b1-8e5ee44b263d,,Century Ostinato Strings II,,
13de7a92-a4d6-45f2-8cac-78f1a0e309b9,3edd4e7b-8665-4884-a0b1-8e5ee44b263d,,Century Strings,,
a337cd92-75dc-459b-a6b9-dbcc0fed526b,3edd4e7b-8665-4884-a0b1-8e5ee44b263d,,Claire Woodwinds,,
3a963c17-a0eb-4182-b0f3-e2e6d38b3dd2,3edd4e7b-8665-4884-a0b1-8e5ee44b263d,,Deep Solo Violin,,
4a52af54-3562-4384-a9a6-1aaa2295e94f,3edd4e7b-8665-4884-a0b1-8e5ee44b263d,,Hybrid Tools - Eternal Darkness,,
037c497f-3390-4369-a749-82ef7888f472,3edd4e7b-8665-4884-a0b1-8e5ee44b263d,,Hybrid Tools 4,,
596102ba-080b-49d2-ba43-ecc16cfc5e9e,3edd4e7b-8665-4884-a0b1-8e5ee44b263d,,Hybrid Tools NEO,,
42a71eff-2f4d-4352-8b70-562295fa0e70,3edd4e7b-8665-4884-a0b1-8e5ee44b263d,,Hybrid Tools Terminus,,
3e654e46-003e-4051-abdf-07403a63c242,3edd4e7b-8665-4884-a0b1-8e5ee44b263d,,Insolidus Choir,,
ccd9e3a5-8622-4357-93ad-a5a357933c5b,3edd4e7b-8665-4884-a0b1-8e5ee44b263d,,Intimate Studio Strings,,
72336996-60a1-432a-bfb5-9479845b7ad0,3edd4e7b-8665-4884-a0b1-8e5ee44b263d,,Lacrimosa Choir,,
93eac243-8524-40e5-a9fa-9c386c5dc6b0,3edd4e7b-8665-4884-a0b1-8e5ee44b263d,,Legion Series 33 Drummer Batacuda,,
928d82c2-4547-4756-ab8c-29f829ac048e,3edd4e7b-8665-4884-a0b1-8e5ee44b263d,,Legion Series 66 Cellos,,
effc12cb-068d-46f5-aadb-5cbffe242da7,3edd4e7b-8665-4884-a0b1-8e5ee44b263d,,Legion Series 66 Trombones,,
f55d13ce-116b-4775-8a7b-b08a37e67461,3edd4e7b-8665-4884-a0b1-8e5ee44b263d,,Liberis Angelic Choir,,
486075a7-1fe9-446d-945b-5a908895b42b,3edd4e7b-8665-4884-a0b1-8e5ee44b263d,,Majestica Professional,,
c66ac199-eb1c-4585-8cf6-67f5e74f67e2,3edd4e7b-8665-4884-a0b1-8e5ee44b263d,,Requiem Professional,,
025373a4-0066-4169-8638-08657ebae46a,3edd4e7b-8665-4884-a0b1-8e5ee44b263d,,Silka,(Load from File System),
099b124a-a849-4923-a874-99ece664aa34,3edd4e7b-8665-4884-a0b1-8e5ee44b263d,,Studio Sopranos,,
6d0663a7-77ce-42f4-93f2-0c3b2aa80238,3edd4e7b-8665-4884-a0b1-8e5ee44b263d,,3 Duduks,World,
80f28495-3484-4400-9264-e4c5b20b2572,3edd4e7b-8665-4884-a0b1-8e5ee44b263d,,Bansuri Virtuoso,World,
21717545-2af9-485a-9943-a4d658f3ae93,3edd4e7b-8665-4884-a0b1-8e5ee44b263d,,Bulbul Tarang,World,
dd9a8924-57b2-47bd-ba65-064cea0ce56e,3edd4e7b-8665-4884-a0b1-8e5ee44b263d,,Duduk Virtuoso,World,
874941dc-209f-4efe-bbbd-09a157f73b8b,3edd4e7b-8665-4884-a0b1-8e5ee44b263d,,Pan Flute,World,
12186bec-8d85-4ecd-8551-b7a594086033,3edd4e7b-8665-4884-a0b1-8e5ee44b263d,,Pop Instrumental,Drums and Percussion (Sound Effect),
0807139d-3f08-4653-a507-0bf47062480e,3edd4e7b-8665-4884-a0b1-8e5ee44b263d,,Santur,World,
9ccda53b-99c8-40cf-bf96-4d1d7c01ddde,3edd4e7b-8665-4884-a0b1-8e5ee44b263d,,Sitar,World,
f8a16d24-6adb-435a-a8ee-e5ea28604a6f,fdd65085-04e4-4adb-aed4-6ad7b48b6a4d,,Beat Tools,,
51fc91fe-2577-4ab0-a864-26c871e14e3a,fdd65085-04e4-4adb-aed4-6ad7b48b6a4d,,Build and Drop,,
46879a6f-792d-46fa-be7a-7e2b93ccb1dd,fdd65085-04e4-4adb-aed4-6ad7b48b6a4d,,Building Max Devices,,
e80196ff-0374-4b7d-ba17-1fdb10d20554,fdd65085-04e4-4adb-aed4-6ad7b48b6a4d,,Chop and Swing,,
5e8a61a8-7d18-40bc-8d39-aaf15840c56a,fdd65085-04e4-4adb-aed4-6ad7b48b6a4d,,Connection Kit,,
b69ebbc3-af43-4fc0-82f7-6b17a0f2d5dd,fdd65085-04e4-4adb-aed4-6ad7b48b6a4d,,Convolution Reverb,,
5ac1ba39-9d55-4263-9ba0-8c3dd1134837,fdd65085-04e4-4adb-aed4-6ad7b48b6a4d,,Core Library,,
9baa1f95-6749-4732-9d61-8f69f8a4b397,fdd65085-04e4-4adb-aed4-6ad7b48b6a4d,,Creative Extensions,,
a4f35118-be95-44dc-9371-33bd9f6418d7,fdd65085-04e4-4adb-aed4-6ad7b48b6a4d,,CV Tools,,
c76be33d-3e72-47a9-b60d-9c82bff687f5,fdd65085-04e4-4adb-aed4-6ad7b48b6a4d,,Drive and Glow,,
3ad0cd35-1304-490a-8041-3c5df2bc5203,fdd65085-04e4-4adb-aed4-6ad7b48b6a4d,,Drone Lab,,
0ec9867a-ebb4-4e7d-aa9c-0b0ded377a15,fdd65085-04e4-4adb-aed4-6ad7b48b6a4d,,Drum Booth,,
932c3eea-1c0e-4df9-b4ef-ce2319b193ed,fdd65085-04e4-4adb-aed4-6ad7b48b6a4d,,Drum Essentials,,
f064b9f4-ca40-425d-9863-df831e194a2d,fdd65085-04e4-4adb-aed4-6ad7b48b6a4d,,Electric Keyboards,,
a908b412-29ad-4709-9c58-df919076d7d5,fdd65085-04e4-4adb-aed4-6ad7b48b6a4d,,Expressive Chords,,
bcef7837-e178-4da1-b81c-0df79d8fc17e,fdd65085-04e4-4adb-aed4-6ad7b48b6a4d,,Glitch And Wash,,
c468cfe3-6f3f-4de2-9648-2f5d186f77e0,fdd65085-04e4-4adb-aed4-6ad7b48b6a4d,,Granulator III,,
0f1c838f-1e73-4b83-bcdf-9caf0486a4a7,fdd65085-04e4-4adb-aed4-6ad7b48b6a4d,,Latin Percussion,,
fe479b83-a6f6-4159-b8b1-3f365e5e2c99,fdd65085-04e4-4adb-aed4-6ad7b48b6a4d,,Lost and Found,,
6c57b2b7-f659-4468-b53e-13779b1cbc31,fdd65085-04e4-4adb-aed4-6ad7b48b6a4d,,Max for Live Essentials,,
bbe5f371-2ed9-43fe-b135-b9a21568625c,fdd65085-04e4-4adb-aed4-6ad7b48b6a4d,,Microtuner,,
2e3a1e2a-d011-453b-bd5b-1803c951b679,fdd65085-04e4-4adb-aed4-6ad7b48b6a4d,,Mood Reel,,
4da672de-5a6e-43c1-b67d-a54ecd205a86,fdd65085-04e4-4adb-aed4-6ad7b48b6a4d,,Orchestral Brass,,
1994739c-50c9-4128-8c74-3fd750cc12c3,fdd65085-04e4-4adb-aed4-6ad7b48b6a4d,,Orchestral Mallets,,
97ba2c21-3117-4f29-a9cb-43031b3e5dbc,fdd65085-04e4-4adb-aed4-6ad7b48b6a4d,,Orchestral Strings,,
6bc13e53-f2ec-4388-8659-8fd351f7f0b9,fdd65085-04e4-4adb-aed4-6ad7b48b6a4d,,Orchestral Woodwinds,,
cf3fee5a-81c9-4729-9169-622b394aa7bc,fdd65085-04e4-4adb-aed4-6ad7b48b6a4d,,Punch and Tilt,,
4d744a4d-5abe-4d01-b6de-c9b2b3a90063,fdd65085-04e4-4adb-aed4-6ad7b48b6a4d,,Sequencers,,
6f24346d-ff48-4af5-a45b-126ff4d9ea18,fdd65085-04e4-4adb-aed4-6ad7b48b6a4d,,Session Drums Club,,
57355f3a-b452-48a9-baaa-533aade953ff,fdd65085-04e4-4adb-aed4-6ad7b48b6a4d,,Session Drums Multimic,,
12664550-41d8-43d3-b075-94ebbc9dd82a,fdd65085-04e4-4adb-aed4-6ad7b48b6a4d,,Session Drums Studio,,
4ca964aa-f025-4049-9803-a702d8a19fc5,fdd65085-04e4-4adb-aed4-6ad7b48b6a4d,,Singularities,,
a5b60345-c9bc-42a3-992c-bc09c1ce9df4,fdd65085-04e4-4adb-aed4-6ad7b48b6a4d,,Skitter and Step,,
d3e4d3eb-84d0-4334-b4ec-3db7f6c24854,fdd65085-04e4-4adb-aed4-6ad7b48b6a4d,,Surround Panner,,
612a3b02-f7ee-4d85-acd3-aedc86e05eeb,fdd65085-04e4-4adb-aed4-6ad7b48b6a4d,,Synth Essentials,,
3ea36260-a2ba-4a0b-be55-703817e467bf,fdd65085-04e4-4adb-aed4-6ad7b48b6a4d,,Voice Box,,
3a8cfbb7-5ca6-4eae-80d4-7d54fb04341f,80cc9ec4-2028-11f1-a0d3-0072ee78ad39,,Instant Haus,,
ba5bdfcc-f9e0-459f-9d95-db4624541cac,1a5bb0a2-2029-11f1-a0d3-0072ee78ad39,,BeatSeeker,,
871581d4-824c-4cb7-9bb0-713530be3e36,7e66e7b3-acb0-484b-a0a1-856cb4faa981,,Hyper Rave,,
d6ade3c0-782e-4eac-b739-dbf6f3d5ba50,7e66e7b3-acb0-484b-a0a1-856cb4faa981,,Beyond Cinematic,,
e0ed020d-27c9-4f86-8fe0-48efc292b42e,7e66e7b3-acb0-484b-a0a1-856cb4faa981,,Beyond Synthwave,,
6d28c035-84b7-48dd-a418-0865152866a7,7e66e7b3-acb0-484b-a0a1-856cb4faa981,,Beyond Beats,,
7745df2e-ffdf-493e-82da-09faedf0fa04,7e66e7b3-acb0-484b-a0a1-856cb4faa981,,Industrial Force,,
7cec85db-daf7-4c2f-9d5f-45ed592122f3,7e66e7b3-acb0-484b-a0a1-856cb4faa981,,The Witcher Tribute,,
c04bb8b4-6563-463a-955a-eefb879180ca,7e66e7b3-acb0-484b-a0a1-856cb4faa981,,Past to the Future,,
60806bef-87bd-48df-9bee-73e19fc02064,7e66e7b3-acb0-484b-a0a1-856cb4faa981,,Vintouch Vol 1,,
8904896e-6540-4c95-848b-dd2c1347833b,7e66e7b3-acb0-484b-a0a1-856cb4faa981,,Stevie Wonder Tribute,,
8a982b6e-83fe-403e-a224-9c6b965254b7,7e66e7b3-acb0-484b-a0a1-856cb4faa981,,Inward Universe,,
40be2845-9e41-4d02-ac76-5985b855f638,7e66e7b3-acb0-484b-a0a1-856cb4faa981,,Oppenheimer Tribute,,
d7b7d2d5-2788-465a-8493-f9215533d3a5,7e66e7b3-acb0-484b-a0a1-856cb4faa981,,Damaged Pianos,,
e310f886-7ac7-4a04-8244-a9c17c21fd1f,7e66e7b3-acb0-484b-a0a1-856cb4faa981,,Inner City Soul,,
45787c79-e417-45af-80f6-d97cb66ad6c5,7e66e7b3-acb0-484b-a0a1-856cb4faa981,,Beyond Shadows,,
e3f79be8-bb6c-4e2a-bfa6-e37fdcf21b7f,7e66e7b3-acb0-484b-a0a1-856cb4faa981,,Folkloric Strings,,
54dda734-b402-442b-a9e8-92976ad5438b,7e66e7b3-acb0-484b-a0a1-856cb4faa981,,Dream Theater Tribute,,
29a1b5e9-cbe8-4550-b1f0-9da40ab16420,7e66e7b3-acb0-484b-a0a1-856cb4faa981,,Beyond Soul,,
4d0da653-fbae-4f68-9a9a-506394e8f712,7e66e7b3-acb0-484b-a0a1-856cb4faa981,,Beyond Pop,,
c56f3257-7b67-4c9b-8c63-d8c90d519a95,7e66e7b3-acb0-484b-a0a1-856cb4faa981,,Floyd Tribute III,,
cb7892f1-47c0-4236-b5d3-ccc4e534e119,7e66e7b3-acb0-484b-a0a1-856cb4faa981,,ELP Tribute,,
29406578-2f7c-4031-8037-2142ea363d8f,7e66e7b3-acb0-484b-a0a1-856cb4faa981,,Daft Tribute,,
0991c669-e9bb-4a55-9a5f-72d176c76090,7e66e7b3-acb0-484b-a0a1-856cb4faa981,,Kavinsky Tribute,,
a79cd771-fbba-4d7e-914a-ee32ab09dfb5,7e66e7b3-acb0-484b-a0a1-856cb4faa981,,Vangelis Tribute 3,,
494180dc-92f6-4392-8bf0-544770b152d0,7e66e7b3-acb0-484b-a0a1-856cb4faa981,,JSPA,,
bf673fcf-6e46-4d1f-9a9a-bbdd91fc9255,7e66e7b3-acb0-484b-a0a1-856cb4faa981,,Lyli's Signature,,
76394e50-6b17-4e43-af06-0a2f3859e040,7e66e7b3-acb0-484b-a0a1-856cb4faa981,,MiniBrute Funk,,
23bf6446-b482-4ddd-a5a2-9f808c0c52cf,7e66e7b3-acb0-484b-a0a1-856cb4faa981,,Fantasy Synths,,
30e8590a-84a3-4b8d-b921-804714f00b05,7e66e7b3-acb0-484b-a0a1-856cb4faa981,,MiniFreak 4.0,,
a58467a1-fe0d-4550-aa72-3772c3885cf7,7e66e7b3-acb0-484b-a0a1-856cb4faa981,,Synthetic Trap,,
23f3a6e8-8551-4287-9d8b-3ccdbd98d931,7e66e7b3-acb0-484b-a0a1-856cb4faa981,,Timecop1983,,
36cc73c9-7e3f-440f-a973-eeca6f47be21,7e66e7b3-acb0-484b-a0a1-856cb4faa981,,Tangerine Tribute,,
fee4bf1b-ce6a-44e7-8a35-60e6ad6c870f,7e66e7b3-acb0-484b-a0a1-856cb4faa981,,Kraft Tribute,,
1e1f040c-d520-4cfc-b7a5-81d82e8f0c39,7e66e7b3-acb0-484b-a0a1-856cb4faa981,,Floyd Tribute,,
efe938f1-8400-4ba2-a57e-7adbf762d6d1,7e66e7b3-acb0-484b-a0a1-856cb4faa981,,Toto Tribute,,
2f8a3a2d-3ffe-4f2f-a36d-8bf31a68e592,7e66e7b3-acb0-484b-a0a1-856cb4faa981,,Ambient Explorations,,
fe491fe8-1b8a-449e-a525-dee9c342e2cc,7e66e7b3-acb0-484b-a0a1-856cb4faa981,,Bass Explorations,,
dcdd4c0a-4771-4b56-8c9c-8f7ab1e2caf4,7e66e7b3-acb0-484b-a0a1-856cb4faa981,,Beats Explorations,,
5d5458b3-c2ec-4f3d-adf4-a994c428fa8c,7e66e7b3-acb0-484b-a0a1-856cb4faa981,,Cities in Dust,,
cf55a198-46d2-4752-9e38-449b98283ace,7e66e7b3-acb0-484b-a0a1-856cb4faa981,,Dubstep Explorations,,
6d3015d6-c51f-416a-93bb-e544bd4f8a60,7e66e7b3-acb0-484b-a0a1-856cb4faa981,,Evolving Electro,,
412301d2-7127-40fe-ae44-647880eec0aa,7e66e7b3-acb0-484b-a0a1-856cb4faa981,,Expressive Explorations,,
6dd4be9c-d5f0-401d-aebb-15e5d4a38f62,7e66e7b3-acb0-484b-a0a1-856cb4faa981,,Generative Voyage,,
968cf98b-779d-4339-ba1c-1a5219a57e3d,7e66e7b3-acb0-484b-a0a1-856cb4faa981,,Granular Explorations,,
1e47fe83-64a2-418f-88f2-6b466d1ca3a8,7e66e7b3-acb0-484b-a0a1-856cb4faa981,,Hazy Explorations,,
fe92b8e3-3e82-4183-b98b-67b2de5b4d6f,7e66e7b3-acb0-484b-a0a1-856cb4faa981,,Hypertechno Explorations,,
accea870-156f-41d8-b64a-b2a93dc544f6,7e66e7b3-acb0-484b-a0a1-856cb4faa981,,IDM Explorations,,
3e09cc9a-d06a-4531-894d-c78752b212e3,7e66e7b3-acb0-484b-a0a1-856cb4faa981,,IDM Grooves,,
86ff3590-9673-47b4-9db4-12a25194549b,7e66e7b3-acb0-484b-a0a1-856cb4faa981,,Liquid Explorations,,
1f7fa83a-340b-4f15-8ea2-bba81c31f5fa,7e66e7b3-acb0-484b-a0a1-856cb4faa981,,Lofi Explorations,,
1caada14-4636-47a2-81c5-0cbe9164897b,7e66e7b3-acb0-484b-a0a1-856cb4faa981,,M.Houle's Signature,,
257e3a9a-abb1-4ca6-bec1-d9de425783b9,7e66e7b3-acb0-484b-a0a1-856cb4faa981,,Modal Explorations,,
bb3c218d-fe26-4f75-be4b-bc18d6e04b0c,7e66e7b3-acb0-484b-a0a1-856cb4faa981,,Openworld Explorations,,
d70548f3-248c-4019-9a0e-489a9ff91c44,7e66e7b3-acb0-484b-a0a1-856cb4faa981,,Pigments 2.0,,
fa6bcb08-a19a-42db-ba8c-afebb9de9f9d,7e66e7b3-acb0-484b-a0a1-856cb4faa981,,Pigments 3.0,,
a7599b28-94dc-430c-b8ca-e2d74b18c577,7e66e7b3-acb0-484b-a0a1-856cb4faa981,,Pigments 3.5,,
56169214-886c-4269-9525-b62b8c043a17,7e66e7b3-acb0-484b-a0a1-856cb4faa981,,Pigments 4.0,,
b223ba94-73f3-4265-9efa-f5a7a1d657e1,7e66e7b3-acb0-484b-a0a1-856cb4faa981,,Pigments 5.0,,
f23a4843-6ada-4388-83a1-a895294d1760,7e66e7b3-acb0-484b-a0a1-856cb4faa981,,Pigments 6.0,,
c1a1e0a9-65e5-43f9-9be0-6d44a1b99d1a,7e66e7b3-acb0-484b-a0a1-856cb4faa981,,Pigments 7.0,,
689d5ed8-9dbf-4506-961a-30c209e295d1,7e66e7b3-acb0-484b-a0a1-856cb4faa981,,Psychedelic Explorations,,
b047a03f-5f72-4938-a0f7-786bba0b3a15,7e66e7b3-acb0-484b-a0a1-856cb4faa981,,Reggaeton Essentials,,
d1a8f1ef-0ee5-4b4d-a2ea-17367e8f27c7,7e66e7b3-acb0-484b-a0a1-856cb4faa981,,Trap Explorations,,
50cb782e-3a6f-4d0e-8c0c-fe343bda181f,7e66e7b3-acb0-484b-a0a1-856cb4faa981,,Undertaker EBM,,
a777043b-4a2c-4f3f-a008-34586ec8ed12,7e66e7b3-acb0-484b-a0a1-856cb4faa981,,Stranger Synths,,
516ee94e-22c9-464d-a06e-b4f041439763,7e66e7b3-acb0-484b-a0a1-856cb4faa981,,Nordic Tranquility,,
e93919fc-d1b4-4a54-8703-ddfdd723bd34,7e66e7b3-acb0-484b-a0a1-856cb4faa981,,Daft Tribute II,,
a09e2483-01f0-46c0-8201-aad423a6a904,4c687d8c-2029-11f1-a0d3-0072ee78ad39,,M4L Big Three,,
a8644e06-e0f7-4a4a-83f1-d4d65ca2be75,4c687d8c-2029-11f1-a0d3-0072ee78ad39,,M4L Building Tools,,
a6a8b871-7e48-4020-a9ae-b40c3c9cd80d,4c687d8c-2029-11f1-a0d3-0072ee78ad39,,Max 7 Pitch and Time Machines,,
bfc48679-76cc-4468-a1ea-f2a71f8186c1,7a379b44-2029-11f1-a0d3-0072ee78ad39,,Inspired by Nature,,
4b5cd68c-81d9-49ea-97cc-eb5821d0529c,a5b6c5e2-2029-11f1-a0d3-0072ee78ad39,,Drumdrops Recording Hybrid Kit,,
4bd43501-a374-45ec-9559-51bf5ca77eb1,ced2b418-2029-11f1-a0d3-0072ee78ad39,,Grand Piano,,
782d9dc1-134d-4fa3-ac07-affcf1e7b38b,ced2b418-2029-11f1-a0d3-0072ee78ad39,,Guitar and Bass,,
94325ba3-4922-447f-98ad-377e010d2987,ced2b418-2029-11f1-a0d3-0072ee78ad39,,Session Horns Pro,,
7406c39d-70c5-4c20-bbc5-4c80c120097c,09ae439a-202a-11f1-a0d3-0072ee78ad39,,Cello Textures,,
9edef2d2-ad85-4246-9576-f806e34ada49,09ae439a-202a-11f1-a0d3-0072ee78ad39,,Clarinet Textures,,
f8f34e22-2fce-42f6-8291-e4e97ca88f96,09ae439a-202a-11f1-a0d3-0072ee78ad39,,Double Bass Textures,,
892be825-6231-49d9-9d35-956f884eef83,09ae439a-202a-11f1-a0d3-0072ee78ad39,,Flute Textures,,
c5687379-6f3b-492c-90a8-930ac372e5d7,09ae439a-202a-11f1-a0d3-0072ee78ad39,,Infinite Bird Whistle,,
8ee59a39-e68c-4466-b480-3db0f0fb241c,09ae439a-202a-11f1-a0d3-0072ee78ad39,,Infinite Steel Tongue,,
ee7343e9-254e-4521-af7b-54551828a917,09ae439a-202a-11f1-a0d3-0072ee78ad39,,Infinite Upright,,
b58b54e6-4bef-4602-87b4-1bdbde9b4870,09ae439a-202a-11f1-a0d3-0072ee78ad39,,Quantum,,
b424407e-f23b-4147-8522-3e6fa227e03a,09ae439a-202a-11f1-a0d3-0072ee78ad39,,Soprano Textures,,
052ac541-8e9b-4ff0-9f2a-785a8a6b6208,09ae439a-202a-11f1-a0d3-0072ee78ad39,,Tenor Textures,,
d6fba9e9-7c32-4efd-996f-878e330b5c5b,09ae439a-202a-11f1-a0d3-0072ee78ad39,,Viola Textures,,
9c694ed8-0121-4050-9e19-d5441b2b3a80,09ae439a-202a-11f1-a0d3-0072ee78ad39,,Violin Textures,,
34ba09bc-823f-46fc-8d1c-20e4aff66a90,2e77987a-202a-11f1-a0d3-0072ee78ad39,,Mountain Synth,Combinator; Thor,
7fa8d61e-ab1d-427a-8c43-277f0444eb85,5292070e-202a-11f1-a0d3-0072ee78ad39,,DM ARP 2600 Drums,,
f6e14a7c-3902-4d32-8dba-1c50ddc0b675,8f203eb9-bf4c-43d2-95c8-7784eb515880,,DM-307A Free Pack,,
ea0e9062-4d00-4e47-8f20-ab49756c683d,8f203eb9-bf4c-43d2-95c8-7784eb515880,,Analog Hybrid Drums,,
b899482d-d426-4b13-8b5d-f53e35fc0397,8f203eb9-bf4c-43d2-95c8-7784eb515880,,Damage,,
3e086438-0d82-45fc-936f-ba7442dd5547,8f203eb9-bf4c-43d2-95c8-7784eb515880,,Damage 2,,
9bd0665c-eb81-4a8a-8cf3-223f14795c3f,8f203eb9-bf4c-43d2-95c8-7784eb515880,,Damage Drum Kit,,
d9cfdec6-a807-4b7e-a338-b335e27d271d,8f203eb9-bf4c-43d2-95c8-7784eb515880,,Damage Rock Grooves,,
f3b34be8-315a-4d38-a8c2-f90cfa2d5aec,8f203eb9-bf4c-43d2-95c8-7784eb515880,,Dystropia,,
fbe76ebe-2169-4a4a-bbbd-f7ca1020cc37,8f203eb9-bf4c-43d2-95c8-7784eb515880,,Foundations - Emotive Choir,,
02ef1b1d-79a9-4926-aeae-e15ee838b174,8f203eb9-bf4c-43d2-95c8-7784eb515880,,Foundations - Nylon Guitar,,
8615b2d3-96e1-4a0b-884f-1a8929e73f22,8f203eb9-bf4c-43d2-95c8-7784eb515880,,Foundations - Piano,,
e12013c9-faa6-429d-91c9-3a5a93032f41,8f203eb9-bf4c-43d2-95c8-7784eb515880,,Foundations - Staccato Brass,,
17303fd9-a193-4663-b58e-7a31d088289f,8f203eb9-bf4c-43d2-95c8-7784eb515880,,Foundations - Staccato Strings,,
6714a278-dc0f-4f83-a7e8-688ed3b93cab,8f203eb9-bf4c-43d2-95c8-7784eb515880,,Foundations - Synth Bass,,
87c8be6c-4db6-4c47-bf38-ba48f6170e99,8f203eb9-bf4c-43d2-95c8-7784eb515880,,GP08 Vocalise 3,,
42c23d71-bc53-40f8-b065-725e1af6cd08,8f203eb9-bf4c-43d2-95c8-7784eb515880,,Gravity 2,,
1ef5ea95-502c-41a3-90ec-62177a280376,8f203eb9-bf4c-43d2-95c8-7784eb515880,,Machina,,
5bed661b-4a8e-4a00-b214-9018f38bc461,aba99e06-202a-11f1-a0d3-0072ee78ad39,,Schwarzonator 2,,
e99cd13c-3333-4b70-b6bb-8eddc638643f,cb0e8676-202a-11f1-a0d3-0072ee78ad39,,Generators,,
52435802-ed56-4d2b-b8f6-38ed8101873e,cb0e8676-202a-11f1-a0d3-0072ee78ad39,,Performance Pack,,
e5c9c4c4-f627-4924-a409-4904bdfda3e2,acd9f372-74fb-4c7d-b2a3-ea540c5917f2,,Alan Parsons Imperial Grand,SampleTank - Load,
f5d4e593-4ce0-4ef4-9b10-24bca1d5c216,acd9f372-74fb-4c7d-b2a3-ea540c5917f2,,Alternate Keys,SampleTank - Load,
26c5830a-0e16-4572-9c42-7c0a99ba115a,acd9f372-74fb-4c7d-b2a3-ea540c5917f2,,American Acoustic,SampleTank - Load,
e93c2f87-6da6-48b1-8ca5-e983f485651b,acd9f372-74fb-4c7d-b2a3-ea540c5917f2,,Art Deco Piano,SampleTank - Load,
bf7a4a98-0f9c-40d6-9869-772c7e991a43,acd9f372-74fb-4c7d-b2a3-ea540c5917f2,,Beat Machines,,
d694a298-4e0d-4b13-8814-a115cc0187b2,acd9f372-74fb-4c7d-b2a3-ea540c5917f2,,Billy Cobham Drums,,
11e73809-2358-408a-a32f-2959cd831289,acd9f372-74fb-4c7d-b2a3-ea540c5917f2,,Bionic Drums,,
e0370118-638f-43ab-ac86-76c460c41d10,acd9f372-74fb-4c7d-b2a3-ea540c5917f2,,Brandenburg Piano,SampleTank - Load,
84f23979-cdac-495f-af6e-49129f68e26c,acd9f372-74fb-4c7d-b2a3-ea540c5917f2,,Cinematic Percussion,,
4792ee86-60d7-4eb1-8d1a-8e10b10871d6,acd9f372-74fb-4c7d-b2a3-ea540c5917f2,,Clavitube,SampleTank - Load,
a29ecd7c-daaf-4195-ac3b-0ae32ca93116,acd9f372-74fb-4c7d-b2a3-ea540c5917f2,,Elektronika - Chillout,SampleTank - Load,
aee757e0-bcba-472a-8ca9-1f84d549cb7a,acd9f372-74fb-4c7d-b2a3-ea540c5917f2,,Elektronika - Deep House,SampleTank - Load,
9050a194-a2bb-41f3-bbb5-980b9a6353fc,acd9f372-74fb-4c7d-b2a3-ea540c5917f2,,Elektronika - Drum'n'Bass,SampleTank - Load,
26928a51-1a7c-4a58-8d0d-7e674d351ee1,acd9f372-74fb-4c7d-b2a3-ea540c5917f2,,Elektronika - Hardcore,SampleTank - Load,
df029c24-3e02-4458-90ef-f8f410dc4420,acd9f372-74fb-4c7d-b2a3-ea540c5917f2,,Elektronika - Indie Dance,SampleTank - Load,
a4a99eb3-16a2-4861-b2f4-6615861d3480,acd9f372-74fb-4c7d-b2a3-ea540c5917f2,,Elektronika - Minimal,SampleTank - Load,
293ca904-e373-4016-9637-a012fc760baa,acd9f372-74fb-4c7d-b2a3-ea540c5917f2,,Elektronika - Techno,SampleTank - Load,
c2d47e5e-1e06-4b5b-a101-793bb362e69e,acd9f372-74fb-4c7d-b2a3-ea540c5917f2,,Elektronika - Trance,SampleTank - Load,
5c489423-ba47-441a-b221-99b99faa9fec,acd9f372-74fb-4c7d-b2a3-ea540c5917f2,,Extraterrestrial Saxophone,SampleTank - Load,
76aa7bf5-7976-4543-a95a-966e820e85be,acd9f372-74fb-4c7d-b2a3-ea540c5917f2,,Fractured Piano,SampleTank - Load,
a06d8af7-7fc4-4dea-b798-34e23a034a6e,acd9f372-74fb-4c7d-b2a3-ea540c5917f2,,Future Synths,,
97bea479-6850-4879-ad06-ff86a1aff9e9,acd9f372-74fb-4c7d-b2a3-ea540c5917f2,,High Padgham Drums,,
148b7ae2-1a5c-4dc7-8c11-7a8071ad5c1d,acd9f372-74fb-4c7d-b2a3-ea540c5917f2,,Hitmaker - EDM,SampleTank - Load,
e7ed4a1f-45fc-4436-9e6f-0a554c2e18f3,acd9f372-74fb-4c7d-b2a3-ea540c5917f2,,Hitmaker - Reggaeton,SampleTank - Load,
b17b836b-b57b-4e1d-8996-6b4a8676fdb7,acd9f372-74fb-4c7d-b2a3-ea540c5917f2,,Hitmaker - Synthwave,SampleTank - Load,
c8867bc7-7d84-48ab-a235-91d45e547f05,acd9f372-74fb-4c7d-b2a3-ea540c5917f2,,Hitmaker - Trap,SampleTank - Load,
fe521c3a-3fb6-4a3b-be08-674f8448c94c,acd9f372-74fb-4c7d-b2a3-ea540c5917f2,,L.A. Confidential,SampleTank - Load,
e3eae26f-9f35-4eff-baf2-025b37491e92,acd9f372-74fb-4c7d-b2a3-ea540c5917f2,,London Grooves,SampleTank - Load,
f83043a7-9587-4f28-ac2d-10621d1629a4,acd9f372-74fb-4c7d-b2a3-ea540c5917f2,,Malletension,SampleTank - Load,
33355543-2297-4402-b05c-426e52032e12,acd9f372-74fb-4c7d-b2a3-ea540c5917f2,,Malletopia,SampleTank - Load,
48e32a8e-8b2a-4fc4-83a8-072479fe95a1,acd9f372-74fb-4c7d-b2a3-ea540c5917f2,,Mojo Synthesis - Alien Harbours,SampleTank - Load,
6c08d7fd-1010-4e6c-8905-23b45ecbc593,acd9f372-74fb-4c7d-b2a3-ea540c5917f2,,Mojo Synthesis - Circuit Damage,SampleTank - Load,
378e5b5d-f6e9-40c6-a860-0cb2d703825c,acd9f372-74fb-4c7d-b2a3-ea540c5917f2,,Mojo Synthesis - Ring of Doom,SampleTank - Load,
1b73631c-42dc-450b-8f91-acf6208dc135,acd9f372-74fb-4c7d-b2a3-ea540c5917f2,,Mojo Synthesis - Swarm,SampleTank - Load,
910a7032-3018-4dc4-b978-69316338384e,acd9f372-74fb-4c7d-b2a3-ea540c5917f2,,Mojo Synthesis - Vector Vision,SampleTank - Load,
fff6794f-001d-49bb-8dae-8ceeeedb8479,acd9f372-74fb-4c7d-b2a3-ea540c5917f2,,Nanotube,,
ae4d614b-8a83-442f-a6ff-c9e893c6f144,acd9f372-74fb-4c7d-b2a3-ea540c5917f2,,Neil Peart Drums,,
3410d7f1-64b5-454f-b6b2-bac84ba4959e,acd9f372-74fb-4c7d-b2a3-ea540c5917f2,,NRG,,
2a91d1b3-431a-4914-acd3-954ec56e5f4d,acd9f372-74fb-4c7d-b2a3-ea540c5917f2,,Orchestral Percussion,,
684953ea-dfdf-43ba-b4ba-9135a6ec9693,acd9f372-74fb-4c7d-b2a3-ea540c5917f2,,Power up,,
e4f0404c-327a-4806-812c-bdaf64c1c0d5,acd9f372-74fb-4c7d-b2a3-ea540c5917f2,,Salsa Percussion Loops,SampleTank - Load,
f85f92aa-906f-4099-8d13-f1fc709c16df,acd9f372-74fb-4c7d-b2a3-ea540c5917f2,,SampleTank 3,,
5e3ff070-3425-45ee-9c70-6d98468b4cfa,acd9f372-74fb-4c7d-b2a3-ea540c5917f2,,SampleTank 4,,
5e3c2241-2209-4660-8419-c55fb2510af6,acd9f372-74fb-4c7d-b2a3-ea540c5917f2,,SampleTank 4 CS,,
e199cb51-beee-4496-8a41-54914b77cda0,acd9f372-74fb-4c7d-b2a3-ea540c5917f2,,SampleTank 4 MAX,,
57bb0499-8430-474c-9ebd-803e4802a73f,acd9f372-74fb-4c7d-b2a3-ea540c5917f2,,SampleTank 4 SE,,
e5000e8e-821d-4a42-8118-3658983adf56,acd9f372-74fb-4c7d-b2a3-ea540c5917f2,,SampleTron 2,SampleTank - Load,
a82e382b-3535-4ae1-a92b-f33932ac41d7,acd9f372-74fb-4c7d-b2a3-ea540c5917f2,,Shipwreck Piano,SampleTank - Load,
8268fa21-56e5-49e6-b3af-948ecf626ea1,acd9f372-74fb-4c7d-b2a3-ea540c5917f2,,Spaceport 77,SampleTank - Load,
70948dad-14ca-4411-b1d6-f66376dd7428,acd9f372-74fb-4c7d-b2a3-ea540c5917f2,,Terry Bozzio Drums,,
019cc3e8-3156-45cc-ae45-b6aaaa621005,acd9f372-74fb-4c7d-b2a3-ea540c5917f2,,The Code Volume 1,SampleTank - Load,
b38a2412-1e93-4b53-9d2b-98865d055583,acd9f372-74fb-4c7d-b2a3-ea540c5917f2,,The Code Volume 2,SampleTank - Load,
3f87f290-ef90-433f-a21e-631ae95c235e,acd9f372-74fb-4c7d-b2a3-ea540c5917f2,,The Grid,,
8b3a3752-0354-4943-a42f-c91a6f38cec2,acd9f372-74fb-4c7d-b2a3-ea540c5917f2,,The Resonator,SampleTank - Load,
d634f7e0-514e-4bb3-b431-f246d70936d1,acd9f372-74fb-4c7d-b2a3-ea540c5917f2,,Syntronik,,
f149e7f4-ecc9-49c0-b523-f91182ba6a2b,acd9f372-74fb-4c7d-b2a3-ea540c5917f2,,Syntronik 2,SampleTank - Load,
e623e5c6-d87f-425a-b0d7-17e38db7af25,fb6e5b66-202a-11f1-a0d3-0072ee78ad39,,Classic Synths,,
58be42df-202a-4631-99fe-1e7fbc9d5d1a,089dbd72-202b-11f1-a0d3-0072ee78ad39,,Loopmasters Mixtape,,
e3da10ef-d5e7-4d86-b8db-6bf9238f4576,2715caba-202b-11f1-a0d3-0072ee78ad39,,64 Pad Lab,,
5d6f16c6-9939-460a-bab0-32b17584af5e,41b12da6-202b-11f1-a0d3-0072ee78ad39,,APC Step Sequencer,,
321d162c-9b96-40b7-8f00-932eb4bb4109,54d86a16-202b-11f1-a0d3-0072ee78ad39,,Gratis Hits,,
898859e3-3ff3-4437-a0fa-94f719342903,9d35eebe-202b-11f1-a0d3-0072ee78ad39,,PitchDrop,,
3c5a3c89-251b-48fc-922b-3b1c18ac291a,725a2764-55b5-4e7c-a469-a4970c0aa267,,40 Very Own - Drums,,
05d4a8b1-0457-45d8-b4f3-c31484ed2add,725a2764-55b5-4e7c-a469-a4970c0aa267,,40s Very Own - Keys,,
0c3bb29c-119f-4436-95a6-257712bba2ef,725a2764-55b5-4e7c-a469-a4970c0aa267,,Abbey Road 50s Drummer,,
b9b476f3-deee-4bda-b4f6-be56159e88ff,725a2764-55b5-4e7c-a469-a4970c0aa267,,Abbey Road 60s Drummer,,
3156405e-2f59-4496-a0d5-fe40e866cb55,725a2764-55b5-4e7c-a469-a4970c0aa267,,Abbey Road 70s Drummer,,
0e000437-6d93-406d-87d8-ce1e2ed8710b,725a2764-55b5-4e7c-a469-a4970c0aa267,,Abbey Road 80s Drummer,,
c3c5752d-48fd-4b8e-9a84-cc681d90af9c,725a2764-55b5-4e7c-a469-a4970c0aa267,,Abbey Road Modern Drummer,,
063742fb-924e-4eee-914c-e6c20ade6672,725a2764-55b5-4e7c-a469-a4970c0aa267,,Abbey Road Vintage Drummer,,
d5a2bf40-c0e3-47fe-aa13-ec5719a48ce4,725a2764-55b5-4e7c-a469-a4970c0aa267,,Action Strikes,,
7b7bfbe1-9cf9-44d1-bc43-1320737d3607,725a2764-55b5-4e7c-a469-a4970c0aa267,,Action Strings 2,,
480446cc-7f7c-49ca-95c2-6663812f917c,725a2764-55b5-4e7c-a469-a4970c0aa267,,Action Woodwinds,,
4761a9cf-fb64-4eca-a97f-cd3f6e00b6cb,725a2764-55b5-4e7c-a469-a4970c0aa267,,Alicias Electric Keys,"Effects Chain (Preamp, Compressor, Delay, EQ, Reverb)
9 IR categories (spaces / cabinets) 
32 Stompboxes",
bf2d06e9-fe7c-405d-b64b-e48ae0c143f3,725a2764-55b5-4e7c-a469-a4970c0aa267,,Alicias Keys,,
5c65c7a9-0c2a-476a-95be-be5bef2ba94c,725a2764-55b5-4e7c-a469-a4970c0aa267,,Amati VIola,,
44efcb6c-572d-44bc-b356-48b529253e51,725a2764-55b5-4e7c-a469-a4970c0aa267,,Analog Dreams,,
ce053fa6-4991-4af1-806e-b2736510faab,725a2764-55b5-4e7c-a469-a4970c0aa267,,Arkhis,,
fa579263-933d-40d7-b6b7-3e4e31a7c595,725a2764-55b5-4e7c-a469-a4970c0aa267,,Ashlight,,
0a4b9052-6623-46a8-9bcc-92356b3ca700,725a2764-55b5-4e7c-a469-a4970c0aa267,,Balinese Gamelan,,
56f8abd2-bebc-4497-b2fc-54418df6cdf7,725a2764-55b5-4e7c-a469-a4970c0aa267,,Bazzazian Tapes,,
f4cba49d-40a6-4ec6-b54b-ca655a52e819,725a2764-55b5-4e7c-a469-a4970c0aa267,,Bouquet,,
3fe25541-d3ce-43db-b4ce-6cf53afcef1c,725a2764-55b5-4e7c-a469-a4970c0aa267,,Butch Vig Drums,,
3c65cc16-9fc6-4438-8f0a-7876271759f2,725a2764-55b5-4e7c-a469-a4970c0aa267,,Choir - Omnia,,
0186bec0-b449-4000-8eb1-af55011bd2ab,725a2764-55b5-4e7c-a469-a4970c0aa267,,Circular,,
81b6b61b-3bfb-419a-ada4-4a6b7d6baa6b,725a2764-55b5-4e7c-a469-a4970c0aa267,,Claire,,
82ef53a5-52d1-417e-8b06-c49381383584,725a2764-55b5-4e7c-a469-a4970c0aa267,,Claire Avant,,
8c88feb4-2afb-4580-8788-b712f61ec007,725a2764-55b5-4e7c-a469-a4970c0aa267,,Cloud Supply,,
06267335-4a59-461f-a4a7-5a78e99d378c,725a2764-55b5-4e7c-a469-a4970c0aa267,,Conflux,,
61305c1f-69e8-48db-971b-ce1f1ab8b8cd,725a2764-55b5-4e7c-a469-a4970c0aa267,,Cuba,,
a93e8791-3681-412e-8932-dfeecc95155d,725a2764-55b5-4e7c-a469-a4970c0aa267,,Deft Lines,,
d99d8b0e-f20f-4eea-8685-0043aabb140e,725a2764-55b5-4e7c-a469-a4970c0aa267,,Drum Lab,,
b1830f2e-eb83-409d-92e8-8ff12db01413,725a2764-55b5-4e7c-a469-a4970c0aa267,,Duets,,
538f05d2-cbd3-477f-90dc-deba475ffdfa,725a2764-55b5-4e7c-a469-a4970c0aa267,,East Asia,,
daf592c7-2289-4019-8ec0-af2aae0549ae,725a2764-55b5-4e7c-a469-a4970c0aa267,,Electric Keys - Diamonds,,
7a3bc26d-1d2f-419b-a6d0-c993d60ddc7b,725a2764-55b5-4e7c-a469-a4970c0aa267,,Electric Keys - Phoenix,,
e4fb36e5-e2dd-4c26-8667-b82c36928a11,725a2764-55b5-4e7c-a469-a4970c0aa267,,Emotive Strings,,
574608de-c3ab-424a-88d1-8fba632bb777,725a2764-55b5-4e7c-a469-a4970c0aa267,,Empire Breaks,,
1ee3d9d6-13f5-4a4f-a200-2b5cd37fc184,725a2764-55b5-4e7c-a469-a4970c0aa267,,Ethereal Earth,,
8f94c180-969d-44ac-a8c7-3f5703a9aaf3,725a2764-55b5-4e7c-a469-a4970c0aa267,,Fables,,
2017904e-8c32-430b-94da-8ef54a13ae14,725a2764-55b5-4e7c-a469-a4970c0aa267,,Feel It,,
402dc39e-08d3-4ebe-b145-8686fab6dffa,725a2764-55b5-4e7c-a469-a4970c0aa267,,Glaze,,
3d2417b4-2ff3-4234-b40a-43958fad18b7,725a2764-55b5-4e7c-a469-a4970c0aa267,,Glaze 2,,
6aad3bbd-67a2-41bc-b274-aabeaff7c3f4,725a2764-55b5-4e7c-a469-a4970c0aa267,,Guarneri Violin,,
f986ea5d-028f-48a4-b1b0-d84bef504bfb,725a2764-55b5-4e7c-a469-a4970c0aa267,,Homage,,
c4b62dab-4a10-4e9e-b571-ef284e49a8a4,725a2764-55b5-4e7c-a469-a4970c0aa267,,Hybrid Keys,,
2ff6ab60-096f-491f-911f-a9ce8420c9f6,725a2764-55b5-4e7c-a469-a4970c0aa267,,Hypha,,
eb827a0a-659e-43b9-84b0-51a8ea45ac86,725a2764-55b5-4e7c-a469-a4970c0aa267,,Ignition Keys,,
6560bed4-bee6-462b-9d8c-94cde8062ccc,725a2764-55b5-4e7c-a469-a4970c0aa267,,India,,
39a676b5-2fc4-4a18-94c9-fbb42742b81d,725a2764-55b5-4e7c-a469-a4970c0aa267,,Ireland,,
1eb22480-9673-4a1e-bc6f-17243b701f69,725a2764-55b5-4e7c-a469-a4970c0aa267,,Irish Harp,,
10b45f83-f93b-4ec9-8fc8-714792c8a1ce,725a2764-55b5-4e7c-a469-a4970c0aa267,,Jacob Collier Audience Choir,,
0f05f2b5-7640-4a25-a165-1f4bff2a2b7a,725a2764-55b5-4e7c-a469-a4970c0aa267,,Karriem Riggins Drums,,
12597315-4a51-48eb-a58b-77deb8e7e80b,725a2764-55b5-4e7c-a469-a4970c0aa267,,Kinetic Metal,,
738c2a1e-272a-4919-9b56-5f1be3463760,725a2764-55b5-4e7c-a469-a4970c0aa267,,Kinetic Toys,,
5c5b0383-1ec0-471b-a3c7-6a01012396a8,725a2764-55b5-4e7c-a469-a4970c0aa267,,Kithara,,
34ce88e8-fd0d-4d6e-ad10-61be2bade598,725a2764-55b5-4e7c-a469-a4970c0aa267,,Kontakt Faktory Library 2,,
87c1f3df-0400-461d-aba5-60a873950bf4,725a2764-55b5-4e7c-a469-a4970c0aa267,,Kontakt Faktory Selection 2,,
c2c6663d-34de-48e0-a485-fa2a2ae7f488,725a2764-55b5-4e7c-a469-a4970c0aa267,,Lo-Fi Glow,,
93065ba3-d1f0-445e-a5ce-ff584d32ccb2,725a2764-55b5-4e7c-a469-a4970c0aa267,,Lores,,
830538cd-c4a1-4e9f-af24-b9b08824125e,725a2764-55b5-4e7c-a469-a4970c0aa267,,Mallet Flux,,
43696f71-d8e2-41ed-9480-aed799654524,725a2764-55b5-4e7c-a469-a4970c0aa267,,Melted Vibes,,
db21f9f2-026c-4f45-b5d3-2b27308b4875,725a2764-55b5-4e7c-a469-a4970c0aa267,,Middle East,,
9bcb6eb5-da1d-44ff-abcb-f124a03b56c8,725a2764-55b5-4e7c-a469-a4970c0aa267,,Modular Icons,,
692161c3-9b4c-4dbc-903a-45b8ff828143,725a2764-55b5-4e7c-a469-a4970c0aa267,,Mysteria,,
5e9bdd51-6325-4733-8dfd-04737988a7b2,725a2764-55b5-4e7c-a469-a4970c0aa267,,Nacht,,
427695a7-6537-404b-a831-6eedc6ec33cd,725a2764-55b5-4e7c-a469-a4970c0aa267,,Noire,,
2e8ac0e2-399a-4119-b0cf-a823a0c3a299,725a2764-55b5-4e7c-a469-a4970c0aa267,,Odes,,
07a369d5-a3e0-4175-95fc-d8b3ece4f45e,725a2764-55b5-4e7c-a469-a4970c0aa267,,Pharlight,,
07161b2e-d6e5-4275-a829-dc48a490ff21,725a2764-55b5-4e7c-a469-a4970c0aa267,,Piano Colors,,
9b74200a-c991-4ba6-850c-91fbf84c1e3b,725a2764-55b5-4e7c-a469-a4970c0aa267,,Piano Uno,,
c4327621-3eef-48be-9a40-46b45c938ac4,725a2764-55b5-4e7c-a469-a4970c0aa267,,Playbox,,
8b2dd6a4-39bc-4e56-80e3-3525be98b1a0,725a2764-55b5-4e7c-a469-a4970c0aa267,,Previews,,
a55ee686-3ad0-41c7-8075-9046d3e63a6e,725a2764-55b5-4e7c-a469-a4970c0aa267,,Retro Machines Mk2,,
39912681-a4c3-462c-8c6a-f5fd5c073601,725a2764-55b5-4e7c-a469-a4970c0aa267,,Rise and Hit,,
6e145a0f-314c-433f-a0e8-7dde7156af72,725a2764-55b5-4e7c-a469-a4970c0aa267,,Rudiments,,
96c5933a-790e-483b-89f4-fd9f837a1a80,725a2764-55b5-4e7c-a469-a4970c0aa267,,Scene - Bloodplant,,
980a3398-8661-4197-9b00-7d40c202d13f,725a2764-55b5-4e7c-a469-a4970c0aa267,,Scene - Lotus,,
878d53a1-1a85-4395-b731-922e39530449,725a2764-55b5-4e7c-a469-a4970c0aa267,,Scene - Nightshade,,
827e6acf-e22b-48a0-9ece-022e8cb484db,725a2764-55b5-4e7c-a469-a4970c0aa267,,Scene - Saffron,,
827e6acf-e22b-48a0-9ece-022e8cb484db,725a2764-55b5-4e7c-a469-a4970c0aa267,,Scene - Saffron,,
c3915181-8919-4545-a390-941b64482cbc,725a2764-55b5-4e7c-a469-a4970c0aa267,,Scene - Willow,,
52a4d6b0-efa7-4e23-b0d5-28ccd4baca1e,725a2764-55b5-4e7c-a469-a4970c0aa267,,Schema - Dark,,
3f68241d-132a-44cc-85a9-1281eac74d64,725a2764-55b5-4e7c-a469-a4970c0aa267,,Schema - Light,,
5d66e81b-a899-4333-8fc6-e25b519eaf30,725a2764-55b5-4e7c-a469-a4970c0aa267,,Sequis,,
1670b4a0-f018-469c-842d-7ca827f8c1fa,725a2764-55b5-4e7c-a469-a4970c0aa267,,Session Bassist - Icon Bass,,
b891d328-f71a-4aa8-8f7f-4440aacf1f01,725a2764-55b5-4e7c-a469-a4970c0aa267,,Session Bassist - Prime Bass,,
8b401671-7cfc-442d-9efb-b5cc683438e6,725a2764-55b5-4e7c-a469-a4970c0aa267,,Session Bassist - Upright Bass,,
e2aa6455-24a2-4713-b7cf-ea3bdf762a0f,725a2764-55b5-4e7c-a469-a4970c0aa267,,Session Guitarist - Acoustic Sunburst Deluxe,,
eb9a06b4-4318-494b-ac0b-ba0235911d3a,725a2764-55b5-4e7c-a469-a4970c0aa267,,Session Guitarist - Electric Mint,,
cdfe1ca6-2a07-4d1e-94e4-50727876e872,725a2764-55b5-4e7c-a469-a4970c0aa267,,Session Guitarist - Electric Sunburst Deluxe,,
de5ccdec-435a-45c3-acae-7b1b43584f2c,725a2764-55b5-4e7c-a469-a4970c0aa267,,Session Guitarist - Electric Vintage,,
2d888b0f-b0f2-46cf-8865-f5d4968d1b57,725a2764-55b5-4e7c-a469-a4970c0aa267,,Session Guitarist - Picked Acoustic,,
0beb6ae7-8a30-482f-b1ee-54a6e7abf38a,725a2764-55b5-4e7c-a469-a4970c0aa267,,Session Guitarist - Picked Nylon,,
929c9eef-0800-45cb-8727-705fbd0618f0,725a2764-55b5-4e7c-a469-a4970c0aa267,,Session Guitarist - Strummed Acoustic,,
f29e7c48-27a7-42ef-9972-430b5df28911,725a2764-55b5-4e7c-a469-a4970c0aa267,,Session Guitarist - Strummed Acoustic 2,,
6cdf3806-3045-4500-b90d-34229895d22f,725a2764-55b5-4e7c-a469-a4970c0aa267,,Session Percussionist,,
35000384-b9f3-483d-a5d9-fe25ee5b1270,725a2764-55b5-4e7c-a469-a4970c0aa267,,Session Strings Pro 2,,
1f9e2d10-f02f-4dfe-b890-f7719717e94b,725a2764-55b5-4e7c-a469-a4970c0aa267,,Session Ukelele,,
729c8df9-3f95-4159-b8a2-f51d73878f2b,725a2764-55b5-4e7c-a469-a4970c0aa267,,Soul Sessions,,
2e3d7478-3a2b-4193-89ee-42e2d7c3ebbf,725a2764-55b5-4e7c-a469-a4970c0aa267,,Stacks,,
60fd9e8a-7fb4-479f-b8cc-fac3c94a53e2,725a2764-55b5-4e7c-a469-a4970c0aa267,,Stradivari Cello,,
c982740a-994d-414b-a555-48ef6655a815,725a2764-55b5-4e7c-a469-a4970c0aa267,,Stradivari Violin,,
1cea8be7-1284-4070-b6bc-d1386db0ab0a,725a2764-55b5-4e7c-a469-a4970c0aa267,,Straylight,,
f1c87130-763e-4363-a6a7-ce0bb174a032,725a2764-55b5-4e7c-a469-a4970c0aa267,,Studio Drummer,,
8cdc81a2-20db-4272-9401-edcdc1de49e4,725a2764-55b5-4e7c-a469-a4970c0aa267,,Sway,,
a0189ef1-b531-4002-ba95-75eb3e03b1d2,725a2764-55b5-4e7c-a469-a4970c0aa267,,Symphony Series Brass Ensemble,,
29bc8852-b4c7-4f68-a242-41a606b47cf7,725a2764-55b5-4e7c-a469-a4970c0aa267,,Symphony Series Brass Solo,,
5ce40e9a-2326-4c9f-9bd8-8cd35f4f29f9,725a2764-55b5-4e7c-a469-a4970c0aa267,,Symphony Series Percussion,,
06c34757-1338-4d76-a12c-d13e33d76f25,725a2764-55b5-4e7c-a469-a4970c0aa267,,Symphony Series String Ensemble,,
b2e2a341-d11b-4eae-b5bb-289e135d9d13,725a2764-55b5-4e7c-a469-a4970c0aa267,,Symphony Series Woodwind Ensemble,,
b89264bf-9403-40bf-87c5-09c3e4660bde,725a2764-55b5-4e7c-a469-a4970c0aa267,,Symphony Series Woodwind Solo,,
d19d2b0c-b6c3-4a98-a941-5c9c92749cc5,725a2764-55b5-4e7c-a469-a4970c0aa267,,The Gentleman,,
ecee4a18-d21f-4aae-8410-f933572b3522,725a2764-55b5-4e7c-a469-a4970c0aa267,,The Giant,,
c59b083c-32a0-4a96-81f2-9c570fad4c2a,725a2764-55b5-4e7c-a469-a4970c0aa267,,The Grandeur,,
3bf67c62-357d-4d52-9299-8212f024cf58,725a2764-55b5-4e7c-a469-a4970c0aa267,,The Maverick,,
2a08a76f-e328-48c8-a3c1-84d163d12dcc,725a2764-55b5-4e7c-a469-a4970c0aa267,,Thrill,,
2e8eb717-fd22-46c6-a1cd-9462fcca4e80,725a2764-55b5-4e7c-a469-a4970c0aa267,,Una Corda,,
2709ebe9-9758-40d4-90ea-5299c356e961,725a2764-55b5-4e7c-a469-a4970c0aa267,,Utopia,,
c5961e55-2cfa-47ee-bd58-d7527ff7ebaf,725a2764-55b5-4e7c-a469-a4970c0aa267,,Valves Pro,,
1475d981-8ffe-426d-a3ad-c1bd00c56f62,725a2764-55b5-4e7c-a469-a4970c0aa267,,Vintage Organs,,
47d01611-acaf-48f8-94e8-9146d2f6e106,725a2764-55b5-4e7c-a469-a4970c0aa267,,Vocal Colors,,
0050de26-da72-4db2-86c6-1b069770c1cc,725a2764-55b5-4e7c-a469-a4970c0aa267,,West Africa,,
c186b5ef-3b77-412f-8526-e1607f0cca1f,725a2764-55b5-4e7c-a469-a4970c0aa267,,Yangqin,,
f3cefd71-0710-4fc7-b630-6deba32d38c7,725a2764-55b5-4e7c-a469-a4970c0aa267,,80s New Wave,,
7a478818-9cb1-44cd-a772-6d7a90ac8a94,725a2764-55b5-4e7c-a469-a4970c0aa267,,Acoustic Drums,,
c483ee59-bb19-44a6-922b-6440f6b39893,725a2764-55b5-4e7c-a469-a4970c0aa267,,Afrobeats,,
fd7cf6b3-8a96-4889-95e5-56f2c9864258,725a2764-55b5-4e7c-a469-a4970c0aa267,,Disco and Funk,,
6d2a175b-e3d3-4229-ba19-6b52be781c18,725a2764-55b5-4e7c-a469-a4970c0aa267,,Drum Breaks,,
6e7eb0a7-65f1-4900-901a-f02b349329fb,725a2764-55b5-4e7c-a469-a4970c0aa267,,Hot Vocals,,
f99ce30e-0c07-4e08-b6c2-3840cbad6cf5,725a2764-55b5-4e7c-a469-a4970c0aa267,,Latin Trap,,
0c4075fc-d407-4425-9a17-57f39723ef08,725a2764-55b5-4e7c-a469-a4970c0aa267,,Lo-Fi Vibes,,
d0b3c010-3dbb-4781-b056-96a5dc7cb961,725a2764-55b5-4e7c-a469-a4970c0aa267,,Platinum Pop,,
7c24953a-f84a-47b1-98f7-73c928e37c02,725a2764-55b5-4e7c-a469-a4970c0aa267,,Progressive Trance,,
7f364337-705a-407d-bc0e-eb73d20aef78,725a2764-55b5-4e7c-a469-a4970c0aa267,,RnB Licks,,
126e186c-95d0-4887-9b44-5975b519c015,725a2764-55b5-4e7c-a469-a4970c0aa267,,Soul Gold,,
c9e95c08-36aa-4230-9bb4-7c4eaa86f459,725a2764-55b5-4e7c-a469-a4970c0aa267,,True School,,
eac8fdc6-7d4d-4a45-91ec-ad208a1b4171,725a2764-55b5-4e7c-a469-a4970c0aa267,,Amplified Funk,,
bd4dc79a-33c3-4d51-ba5a-a09211860077,725a2764-55b5-4e7c-a469-a4970c0aa267,,Arcane Attic,,
c7000a3b-820c-4044-bbf1-922c229703d7,725a2764-55b5-4e7c-a469-a4970c0aa267,,Astral Flutter,,
36c9e85b-ad03-43e8-aad8-fff195b0d05f,725a2764-55b5-4e7c-a469-a4970c0aa267,,Basement Era,,
b1f95685-833b-4566-ab85-3e7ee00b6d19,725a2764-55b5-4e7c-a469-a4970c0aa267,,Caribbean Current,,
3f0046b6-be34-43bc-bae2-47709797f692,725a2764-55b5-4e7c-a469-a4970c0aa267,,Conant Gardens,,
c10b6b74-879e-4c5f-97ad-105911f97d2f,725a2764-55b5-4e7c-a469-a4970c0aa267,,Crystal Daggers,,
42e2823b-4b9f-4c92-b9d7-5e24300c770b,725a2764-55b5-4e7c-a469-a4970c0aa267,,Dark Pressure,,
1a9ae481-4165-40c0-851d-70a3bcc12b14,725a2764-55b5-4e7c-a469-a4970c0aa267,,Drop Squad,,
6ad4b24f-2dcf-466b-8969-91db92c84e9f,725a2764-55b5-4e7c-a469-a4970c0aa267,,Electric Vice,,
a7708332-b2ef-42d4-b68b-ac6c6c629430,725a2764-55b5-4e7c-a469-a4970c0aa267,,Free Form,,
d8ad6671-ea24-4535-b76d-5c5cc1012133,725a2764-55b5-4e7c-a469-a4970c0aa267,,Golden Kingdom,,
f83290ed-dff4-4a18-8485-69f8ccd9f47d,725a2764-55b5-4e7c-a469-a4970c0aa267,,Grey Forge,,
abbb9051-702a-4eab-952b-936160bbed76,725a2764-55b5-4e7c-a469-a4970c0aa267,,Helios Ray,,
1da943a8-1b6e-4b76-bb1b-cd9e7b12aae4,725a2764-55b5-4e7c-a469-a4970c0aa267,,Lazer Dice,,
d3cb011d-6611-4386-874b-df96c49bb58f,725a2764-55b5-4e7c-a469-a4970c0aa267,,Lucid Mission,,
aadbd72a-9b16-430b-88f3-553e0f3521ef,725a2764-55b5-4e7c-a469-a4970c0aa267,,Magnate Hustle,,
2c966344-6f57-4a22-a5ba-f728db73c8fe,725a2764-55b5-4e7c-a469-a4970c0aa267,,Marble Rims,,
5cb96311-db9d-4dba-bc0d-8821d312067a,725a2764-55b5-4e7c-a469-a4970c0aa267,,Paradise Rinse,,
835aea83-8e36-4126-84ce-fbf25db037f4,725a2764-55b5-4e7c-a469-a4970c0aa267,,Platinum Bounce,,
76cc2447-5567-4f08-b81f-0423c5b9b425,725a2764-55b5-4e7c-a469-a4970c0aa267,,Prospect Haze,,
4130811d-18fe-408d-973d-a116d54d4824,725a2764-55b5-4e7c-a469-a4970c0aa267,,Queensbridge Story,,
ea0417fa-5243-49e4-9347-1e47622bbad9,725a2764-55b5-4e7c-a469-a4970c0aa267,,Radiant Horizon,,
c28da902-078c-41c1-b8a8-e230318355cc,725a2764-55b5-4e7c-a469-a4970c0aa267,,Raw Voltage,,
3094fdf8-4ee9-40b6-b705-246a1886bd2b,725a2764-55b5-4e7c-a469-a4970c0aa267,,Resonant Blaze,,
d058ce2b-3daa-4e66-abc3-2ecb71c3333d,725a2764-55b5-4e7c-a469-a4970c0aa267,,Static Friction,,
ce5e1753-e514-4e40-8d7a-5bdc64069668,725a2764-55b5-4e7c-a469-a4970c0aa267,,Transistor Punch,,
519cbfd4-5327-4142-a48f-48ae89100fa6,725a2764-55b5-4e7c-a469-a4970c0aa267,,Vintage Heat,,
dfb6e1da-6e2b-4fe4-9bb2-b93eb63445c2,725a2764-55b5-4e7c-a469-a4970c0aa267,,Black Arc,,
443c337d-942d-404a-8e37-7516f56ddf0b,725a2764-55b5-4e7c-a469-a4970c0aa267,,Borough Chops,,
d57dd69c-682a-4758-b456-f9b0a2cc3bcf,725a2764-55b5-4e7c-a469-a4970c0aa267,,Brass n Bounce,,
3b1d90cb-2d40-4615-9cd0-aca8b7a21319,725a2764-55b5-4e7c-a469-a4970c0aa267,,Pulswerk,,
15b59ba5-5c6c-4bb8-8a8f-23915c794180,725a2764-55b5-4e7c-a469-a4970c0aa267,,Backyard Jams,,
3a3f0b65-dca2-4e0b-b714-c195711b7c16,725a2764-55b5-4e7c-a469-a4970c0aa267,,Bazzazian,,
36038c40-60c1-49d1-b8e6-34581e370d2c,725a2764-55b5-4e7c-a469-a4970c0aa267,,Body Mechanik,,
0638d2ca-21f7-404b-a381-9011a8625a64,725a2764-55b5-4e7c-a469-a4970c0aa267,,Bumpin Flava,,
f8f40d20-93e3-4d17-bc52-9211c3676fbf,725a2764-55b5-4e7c-a469-a4970c0aa267,,Burnt Hues,,
9d005b9a-02d0-4145-b365-cd43ddc45af9,725a2764-55b5-4e7c-a469-a4970c0aa267,,Carbon Decay,,
93fd3764-d4b4-429b-bda9-695db45dba4b,725a2764-55b5-4e7c-a469-a4970c0aa267,,Crate Cuts,,
e28e9c19-2255-4f53-8b8f-9abb9019c349,725a2764-55b5-4e7c-a469-a4970c0aa267,,District Xeo,,
496c2fe3-110f-4382-b6a2-0b506b3a17e0,725a2764-55b5-4e7c-a469-a4970c0aa267,,Drum State,,
afdc5ea0-b970-4de0-a4a9-7c86a88e9907,725a2764-55b5-4e7c-a469-a4970c0aa267,,Echo Versions,,
6e3a8c66-88d6-4165-a3d2-9a965b50001b,725a2764-55b5-4e7c-a469-a4970c0aa267,,Electric Touch,,
457ee11d-a71e-4260-be90-bf1499068581,725a2764-55b5-4e7c-a469-a4970c0aa267,,Faded Reels,,
445f704f-ad9d-427a-83ca-3e8132cc00a4,725a2764-55b5-4e7c-a469-a4970c0aa267,,Higher Place,,
3eb6a503-3d11-4cb3-92de-9c75dd87c5f8,725a2764-55b5-4e7c-a469-a4970c0aa267,,Ignition Code,,
f668a03d-2efc-42ed-ab3b-f049a99f89c4,725a2764-55b5-4e7c-a469-a4970c0aa267,,Infinite Escape,,
5fc69fc2-f2b7-4787-bf57-880c19f280d4,725a2764-55b5-4e7c-a469-a4970c0aa267,,Lunar Echoes,,
9f61e56a-00c4-4374-9779-dcc571d1d9cf,725a2764-55b5-4e7c-a469-a4970c0aa267,,Magnetic Coast,,
4b3725e6-ca11-41d5-a8d9-643b8b127aef,725a2764-55b5-4e7c-a469-a4970c0aa267,,Mother Board,,
912b545f-0994-4834-9d95-94fcc873f84a,725a2764-55b5-4e7c-a469-a4970c0aa267,,Polar Flare,,
dd7b698f-9801-4d76-b23d-d66e391ad709,725a2764-55b5-4e7c-a469-a4970c0aa267,,Rare Vibrations,,
571a464f-6746-40ec-8ca0-e2a037483caa,725a2764-55b5-4e7c-a469-a4970c0aa267,,Sasha,,
61f21f26-5bfb-4784-9e75-340f45f83d8d,725a2764-55b5-4e7c-a469-a4970c0aa267,,Soul Magic,,
92aeba1f-9319-4e94-b0db-7be31b6f4e2d,725a2764-55b5-4e7c-a469-a4970c0aa267,,The Stereotypes,,
124a5d9d-9849-463a-82a2-2d30762d31a2,725a2764-55b5-4e7c-a469-a4970c0aa267,,Trill Rays,,
619724ef-4eed-41c0-8c6d-7f41e7053928,725a2764-55b5-4e7c-a469-a4970c0aa267,,Void Eclipse,,
cd6700d9-c8e2-4984-a8eb-4f4d4b12b680,725a2764-55b5-4e7c-a469-a4970c0aa267,,Warped Symmetry,,
0f6fe0f0-3c20-49fb-891a-fe1e38e51ca7,725a2764-55b5-4e7c-a469-a4970c0aa267,,Maschine Central,,
ec82eb34-08e3-4147-b037-879659d1daf4,725a2764-55b5-4e7c-a469-a4970c0aa267,,Anima Ascent,,
d972320d-5bc3-48bc-aa69-0301be760b54,725a2764-55b5-4e7c-a469-a4970c0aa267,,Chromatic Fire,,
f86672b3-1e70-48fb-9360-064b0bf2c400,725a2764-55b5-4e7c-a469-a4970c0aa267,,Concrete Sun,,
fa1d39f9-5ed2-41f2-ae7d-4d28596e1e9f,725a2764-55b5-4e7c-a469-a4970c0aa267,,Global Shake,,
23977ed0-4d82-42a3-92ff-eedb33e86c98,725a2764-55b5-4e7c-a469-a4970c0aa267,,Hazy Days,,
379d714c-cb0f-4056-b991-6a700dcbc716,725a2764-55b5-4e7c-a469-a4970c0aa267,,Lockdown Grind,,
7eba2510-ff2c-435d-93fb-7f0d1bc55e68,725a2764-55b5-4e7c-a469-a4970c0aa267,,Midnight Sunset,,
dafc551a-0328-4c03-8e3b-492b860a0d73,725a2764-55b5-4e7c-a469-a4970c0aa267,,Neo Boogie,,
c2b96863-2c34-4c69-95d8-d03dc56c523c,725a2764-55b5-4e7c-a469-a4970c0aa267,,Pure Drip,,
d0f15e3f-b4a4-4630-8636-202e3deb0c70,725a2764-55b5-4e7c-a469-a4970c0aa267,,Rhythm Source,,
7d097726-a4a2-4c11-9f2b-54035fd0eda9,725a2764-55b5-4e7c-a469-a4970c0aa267,,Rolling Tides,,
32f93284-d085-4289-b3db-1b573d70679b,725a2764-55b5-4e7c-a469-a4970c0aa267,,Sacred Futures,,
fd06647c-681f-4213-8bfe-e68b383d0084,725a2764-55b5-4e7c-a469-a4970c0aa267,,Liquid Energy,,
4112d4f0-dff7-461c-bd07-2728902e2c92,725a2764-55b5-4e7c-a469-a4970c0aa267,,Opaline Drift,,
c431526e-b16f-47e5-aa2a-143019105ea7,725a2764-55b5-4e7c-a469-a4970c0aa267,,Young Phantom,,
74a77d1e-8298-4bae-9e80-51109a5d38a1,725a2764-55b5-4e7c-a469-a4970c0aa267,,Aquarius Earth,,
71d72bcb-60d4-48ed-81c3-5987b35fd979,725a2764-55b5-4e7c-a469-a4970c0aa267,,Byte Riot,,
54e79fc9-4755-4762-9034-8802c5e77d7b,725a2764-55b5-4e7c-a469-a4970c0aa267,,Cavern Floor,,
9090ea43-752c-4845-8739-f5a4207f98b8,725a2764-55b5-4e7c-a469-a4970c0aa267,,Deep Matter,,
bf46aa9b-bae6-4a73-90cf-6e872d2ab7fc,725a2764-55b5-4e7c-a469-a4970c0aa267,,DJ Khalil,,
6a55b596-7fa8-4426-81bf-625a97d91434,725a2764-55b5-4e7c-a469-a4970c0aa267,,Drift Theory,,
e486ffd3-e7ab-45a6-a198-7c7836005a61,725a2764-55b5-4e7c-a469-a4970c0aa267,,Elastic Thump,,
05dff6b6-7211-423c-9744-ff82a053b2a2,725a2764-55b5-4e7c-a469-a4970c0aa267,,London Grit,,
bc0bf4fc-380f-4564-a4fd-8eb2f5e719a8,725a2764-55b5-4e7c-a469-a4970c0aa267,,Molten Veil,,
f0054c80-6893-4304-9eef-8c222c4a0be8,725a2764-55b5-4e7c-a469-a4970c0aa267,,Motor Impact,,
fcdda6ec-5923-4893-a7ea-c6b0596946bc,725a2764-55b5-4e7c-a469-a4970c0aa267,,Sierre Grove,,
65b44176-2696-48df-a2f1-c8296920b89a,725a2764-55b5-4e7c-a469-a4970c0aa267,,Solar Breeze,,
a086581a-82cb-407b-bbfe-39c2233bb3d8,725a2764-55b5-4e7c-a469-a4970c0aa267,,Timeless Glow,,
bb872115-64bf-46e5-959e-04de0b6aff05,725a2764-55b5-4e7c-a469-a4970c0aa267,,Velvet Bloom,,
e8396830-9893-4c24-bf18-b9d583edef1c,725a2764-55b5-4e7c-a469-a4970c0aa267,,Certified Gold,,
79291400-24a4-4169-b98d-75b3de2faa84,725a2764-55b5-4e7c-a469-a4970c0aa267,,Decoded Forms,,
53d712d4-f72a-4b78-bb95-c6544db6d138,725a2764-55b5-4e7c-a469-a4970c0aa267,,Headland Flow,,
dcd6f6fd-ef6e-4662-9391-e59151cfa267,725a2764-55b5-4e7c-a469-a4970c0aa267,,Indigo Dust,,
e4df6d7d-4ad2-46d8-a465-a5890e4d9cd9,725a2764-55b5-4e7c-a469-a4970c0aa267,,Infamous Flow,,
ef19ebd2-5358-42c6-95ef-c64317a590f5,725a2764-55b5-4e7c-a469-a4970c0aa267,,Lone Forest,,
5661253b-b8af-4503-86c3-08a9e75fe445,725a2764-55b5-4e7c-a469-a4970c0aa267,,Meteoric Rise,,
13126857-48f6-4c95-b8d2-09d3cc5c0775,725a2764-55b5-4e7c-a469-a4970c0aa267,,Satin Looks,,
9b8a3249-079b-46ad-af5e-30a695a608c8,725a2764-55b5-4e7c-a469-a4970c0aa267,,Street Swarm,,
41ed8984-50a7-4441-b06c-ce6679c68cf1,725a2764-55b5-4e7c-a469-a4970c0aa267,,Lilac Glare,,
201449eb-8939-45ed-86cf-e17e81f8a9f2,725a2764-55b5-4e7c-a469-a4970c0aa267,,Circuit Halo,,
cbb4fb4a-eeec-4c87-b8fd-695b78c122f3,725a2764-55b5-4e7c-a469-a4970c0aa267,,Halcyon Sky,,
92eb55d0-3e62-47c3-9abf-2e81020d2c3b,725a2764-55b5-4e7c-a469-a4970c0aa267,,Neon Drive,,
c5e7ada2-7878-4cf5-b1fa-ebe217a7514d,725a2764-55b5-4e7c-a469-a4970c0aa267,,Rising Crescent,,
8e4dc39f-52df-4c4f-b436-f37de46d9883,725a2764-55b5-4e7c-a469-a4970c0aa267,,Velvet Lounge,,
bf2147df-e371-47f1-8090-5598fc07a4aa,725a2764-55b5-4e7c-a469-a4970c0aa267,,Massive Expansion 1,(Only shows up in Massive),
12843730-d37d-43f6-951f-81c78c65f73e,725a2764-55b5-4e7c-a469-a4970c0aa267,,Massive Expansion 2,(Only shows up in Massive),
a72a56af-8eeb-4a23-b414-6aa833ccd197,725a2764-55b5-4e7c-a469-a4970c0aa267,,Massive Factory,,
61618f71-2622-41e1-b789-f577931d280d,725a2764-55b5-4e7c-a469-a4970c0aa267,,Massive Threat,(Only shows up in Massive),
75a69105-10bf-4e96-9236-84f0968f6e58,725a2764-55b5-4e7c-a469-a4970c0aa267,,Nocturnal State,,
bd593ecf-f0a7-4f99-826d-f945602100bd,725a2764-55b5-4e7c-a469-a4970c0aa267,,Spectrum Quake,,
16105f77-2a9c-4858-a33d-a7adc0bcb467,725a2764-55b5-4e7c-a469-a4970c0aa267,,Stadium Flex,,
39a249dc-63e8-489b-a21a-ede7bef3a4a5,725a2764-55b5-4e7c-a469-a4970c0aa267,,Urban Arsenal 1,(Only shows up in Massive),
257878f4-3279-4280-9b0f-49961aa3c852,725a2764-55b5-4e7c-a469-a4970c0aa267,,Urban Arsenal 2,(Only shows up in Massive),
57e784bf-b9df-46cd-8260-cbbda7b355af,725a2764-55b5-4e7c-a469-a4970c0aa267,,Beam,,
ac723f3d-c61e-4661-861b-599eea7f7cb0,725a2764-55b5-4e7c-a469-a4970c0aa267,,Bounce,,
75bd2128-4d5e-40b5-932c-33a719ca3cc3,725a2764-55b5-4e7c-a469-a4970c0aa267,,Bump,,
38a82822-ecd7-47fc-9f03-86d07258c67d,725a2764-55b5-4e7c-a469-a4970c0aa267,,Charge,,
662e5fd3-6885-400a-a470-969df7ccdab9,725a2764-55b5-4e7c-a469-a4970c0aa267,,Drive,,
02c341aa-b741-4596-8a21-5031107be82e,725a2764-55b5-4e7c-a469-a4970c0aa267,,Fade,,
11dd59bc-a3d6-4975-ae97-a533d8cd94fa,725a2764-55b5-4e7c-a469-a4970c0aa267,,Haze,,
05624eac-4590-4ef1-9b12-772b5e195d71,725a2764-55b5-4e7c-a469-a4970c0aa267,,Kino,,
03b83b94-545e-41fd-95af-f10b92ae72f6,725a2764-55b5-4e7c-a469-a4970c0aa267,,Massive X Factory Library,,
9dc1613c-b9f6-44e4-8e7e-54acc76ce1e8,725a2764-55b5-4e7c-a469-a4970c0aa267,,Massive X Player Library,,
d96d23a7-4b90-4678-94b3-0e57263e1ce2,725a2764-55b5-4e7c-a469-a4970c0aa267,,Mechanix,,
c671dea6-cd44-4b0c-92b1-2e865c47bc26,725a2764-55b5-4e7c-a469-a4970c0aa267,,Moebius,,
10540f0b-453a-41a5-982c-6e6b92860a72,725a2764-55b5-4e7c-a469-a4970c0aa267,,Our House,,
f2ee0812-3d22-4708-a3ef-d05fb920bfc4,725a2764-55b5-4e7c-a469-a4970c0aa267,,Pulse,,
5c35006f-a9a5-4474-b338-4cceaa812a01,725a2764-55b5-4e7c-a469-a4970c0aa267,,Quest,,
46b102c2-0930-402c-b072-0913e0a845fc,725a2764-55b5-4e7c-a469-a4970c0aa267,,Rush,,
6a9d4ac9-4ac4-4c23-9ffa-37624a62086a,725a2764-55b5-4e7c-a469-a4970c0aa267,,Scene,,
e00fc0b6-81d6-418b-b16b-e4ba29b56724,725a2764-55b5-4e7c-a469-a4970c0aa267,,Wake,,
9c7f0468-02b5-4e46-8de1-7f75aa98a610,725a2764-55b5-4e7c-a469-a4970c0aa267,,Hexagon Highway,,
a294686a-d296-4bce-ab9b-2864c6bbd23f,725a2764-55b5-4e7c-a469-a4970c0aa267,,System Clash,,
256b213d-b431-4d75-a746-18c408379e67,725a2764-55b5-4e7c-a469-a4970c0aa267,,Prismatic Bliss,,
cc45f4a1-e891-442c-92e6-d1397cdf34e8,725a2764-55b5-4e7c-a469-a4970c0aa267,,Blocks Base,,
553864f0-5991-4189-8329-bd452c46c58f,725a2764-55b5-4e7c-a469-a4970c0aa267,,Blocks Primes,,
e2579659-00b7-4154-a7c6-59a0fd2ab170,725a2764-55b5-4e7c-a469-a4970c0aa267,,Form,,
d9753e57-0def-4f0f-ab59-32d4273eb3a3,725a2764-55b5-4e7c-a469-a4970c0aa267,,Kontour,,
b32e5c0d-d70c-4479-b5af-59a4a12a4e6a,725a2764-55b5-4e7c-a469-a4970c0aa267,,Molekular,,
f83fff9e-2795-4223-b60d-9f24c4dba77d,725a2764-55b5-4e7c-a469-a4970c0aa267,,Monark,,
fb579764-b8e5-4fd7-a27e-f64eefd278f5,725a2764-55b5-4e7c-a469-a4970c0aa267,,Polyplex,,
026655c9-045a-42de-ac47-e2d56e68140a,725a2764-55b5-4e7c-a469-a4970c0aa267,,Prism,,
c6b0f887-ab84-4520-a29b-5923aff0af71,725a2764-55b5-4e7c-a469-a4970c0aa267,,Razor,,
fe4679ff-421a-49a3-adb5-8887eb491ac4,725a2764-55b5-4e7c-a469-a4970c0aa267,,Reaktor Factory Library,,
14af6361-3524-4936-a949-611484d00b2f,725a2764-55b5-4e7c-a469-a4970c0aa267,,Rounds,,
f4c3de54-a2cf-4ff4-b43c-21de9a0be553,725a2764-55b5-4e7c-a469-a4970c0aa267,,Skanner XT,,
cd0ea11a-a804-4ac1-a890-e9f2e7d5a53c,725a2764-55b5-4e7c-a469-a4970c0aa267,,Spark,,
4640d8e7-5dbc-481f-b7cc-e347bd400832,725a2764-55b5-4e7c-a469-a4970c0aa267,,Super 8,,
bf1106b6-5651-4a0d-ac2a-aa29aa685224,725a2764-55b5-4e7c-a469-a4970c0aa267,,The Finger,,
c0af1e5b-2284-4bad-b99f-77a77b5a24c1,725a2764-55b5-4e7c-a469-a4970c0aa267,,The Mouth,,
edd0d780-c22b-42ba-974d-dc3f5277b931,725a2764-55b5-4e7c-a469-a4970c0aa267,,TRK-01,,
eddb4930-822e-4a47-82a9-089498e90b5d,725a2764-55b5-4e7c-a469-a4970c0aa267,,TRK-01 Bass,,
a2332f1d-e5d3-44e0-be32-2b72a14a9ff0,725a2764-55b5-4e7c-a469-a4970c0aa267,,TRK-01 Kick,,
7d131456-055f-445e-acb6-adef66a2d370,be3dc1d6-202b-11f1-a0d3-0072ee78ad39,,Kasio,,
9976fd61-d177-47d5-b38b-f02d8fe4bcda,d052ae2f-45f6-4ca3-afc2-318cef074283,,Ambient Vocals,(Exhale Expansion pack),
8ec8fc41-6b98-4e80-ab81-4cd2af36c3df,d052ae2f-45f6-4ca3-afc2-318cef074283,,Barely Vocals,(Exhale Expansion pack),
9fdba675-b11e-4f32-aca3-0786da572061,d052ae2f-45f6-4ca3-afc2-318cef074283,,EXHALE,,
6104a609-bfb6-4a7b-8f81-8ad7f6541bd8,d052ae2f-45f6-4ca3-afc2-318cef074283,,Indie Vocals,(Exhale Expansion pack),
abca120d-a3d3-4d78-a142-c8e076455b1c,ec9752d6-202b-11f1-a0d3-0072ee78ad39,,MIDI Tools,,
c3523350-bcca-4c1a-b7fd-cafc5b8491cc,02e4c758-202c-11f1-a0d3-0072ee78ad39,,Indi-GO!,Dr. Rex;  NNXT,
96a4a046-8ab0-48f5-b326-0115d981c38d,02e4c758-202c-11f1-a0d3-0072ee78ad39,,PNS Budapest Urban FX Collection,loose AIF,
17f5a197-9ac1-4717-98d9-3d769484c6ab,02e4c758-202c-11f1-a0d3-0072ee78ad39,,PNS Instru-U-Mental Pack,NN-19; Redrum,
9e04afa3-1c81-4978-8f24-65d4bc076311,02e4c758-202c-11f1-a0d3-0072ee78ad39,,Quicksilver,NN-19; NNXT; Redrum; WAV,
2077ed63-ee59-4b00-94cf-67e2235692c2,02e4c758-202c-11f1-a0d3-0072ee78ad39,,SC55 StandardKit,loose WAV,
c95c0a9b-7837-46f4-a155-bfff62294d96,02e4c758-202c-11f1-a0d3-0072ee78ad39,,SoNIC-O-TooL,NN-19; Redrum; WAV,
59a21896-988c-48ef-8fbe-7c2cc6f32025,02e4c758-202c-11f1-a0d3-0072ee78ad39,,Waldorf Salad,Combinator; NN-19; NNXT; WAV,
ad9ab6f2-b9de-40e0-b512-52e3f6647c81,3d726b0a-202c-11f1-a0d3-0072ee78ad39,,Retro Synths,,
a45ce9b0-0d60-4f86-a156-7f1d85ad0443,c0230514-202c-11f1-a0d3-0072ee78ad39,,Kapture,,
91849628-b1af-4a2e-a43e-a0161333095f,2549948a-202d-11f1-a0d3-0072ee78ad39,,M4L Granulator II,,
60213111-28c3-46ab-bc43-c2c385814e23,2549948a-202d-11f1-a0d3-0072ee78ad39,,PitchLoop89,,
c83f0018-45ff-4dc6-8d90-811126f86b66,6149c2ca-202d-11f1-a0d3-0072ee78ad39,,Break Selection,,
2b5a6170-c29e-47d7-959c-fedb775e0557,77182178-202d-11f1-a0d3-0072ee78ad39,,Scarbee Rickenbacker Bass,,
245f123f-6104-455d-b8d3-0a1fb545ace5,c20ffd0e-202d-11f1-a0d3-0072ee78ad39,,Probability Pack,,
9fed8643-98ef-41ed-8205-456c607b8424,d1e6c4ce-202d-11f1-a0d3-0072ee78ad39,,Balinese Flutes,,
99bf47b8-cb50-402f-a86d-2f5fc186860f,d1e6c4ce-202d-11f1-a0d3-0072ee78ad39,,Balinese Gamelan 2,,
5232f624-39be-41e0-9c52-8a2565f721bf,d1e6c4ce-202d-11f1-a0d3-0072ee78ad39,,Flowstate,,
4476e508-a266-400d-bcfc-680543130082,d1e6c4ce-202d-11f1-a0d3-0072ee78ad39,,Guzheng,,
53106076-b3b1-47f3-a403-5d9b22ba57cd,d1e6c4ce-202d-11f1-a0d3-0072ee78ad39,,Kim,,
8da9d940-0d4b-4f9e-97f4-3e6d4803794c,d1e6c4ce-202d-11f1-a0d3-0072ee78ad39,,Kora,,
23c94fb3-cb4a-4457-a48a-dce3aa4210fe,d1e6c4ce-202d-11f1-a0d3-0072ee78ad39,,Novachord,,
4188f64c-c61a-408f-8b42-f9346e28d9c2,d1e6c4ce-202d-11f1-a0d3-0072ee78ad39,,Ondes Martenot,,
19212fec-b2e7-4416-b926-1426974a8b83,d1e6c4ce-202d-11f1-a0d3-0072ee78ad39,,Ondioline,,
33fbdd1e-b52f-4c9c-a7a8-8ab7993b937a,d1e6c4ce-202d-11f1-a0d3-0072ee78ad39,,Pan Drums II,,
01ca522c-1be1-4b4a-af6f-31504a1039be,d1e6c4ce-202d-11f1-a0d3-0072ee78ad39,,Samulnori Percussion,,
05531986-5d91-4dea-986e-4744affc53a2,d1e6c4ce-202d-11f1-a0d3-0072ee78ad39,,Sheng Khaen sho,,
140570b7-9c36-463b-9a28-4f134e2dd60c,d1e6c4ce-202d-11f1-a0d3-0072ee78ad39,,Tingklik,,
24856552-bd6f-42e3-8bb6-d305ae0c8a56,d1e6c4ce-202d-11f1-a0d3-0072ee78ad39,,Wassolou Balafon,,
74a58665-a7ab-4d55-95ac-daca9e5ec8b9,f6fbdfc4-202d-11f1-a0d3-0072ee78ad39,,Golden Era Hip Hop Drums,,
5a0d452e-7708-4884-875f-f701bc4b27ce,f6fbdfc4-202d-11f1-a0d3-0072ee78ad39,,Trap Drums,,
129234b4-e838-4c58-bcb7-62479be6ffd7,56967aa4-ef65-456d-9c0e-3e2c0846ddf6,,Brass Quartet,,
76a92afd-6392-40b5-9b60-e83091ccdc54,56967aa4-ef65-456d-9c0e-3e2c0846ddf6,,String Quartet,,
2d0cdd3c-c728-4732-9725-b826b56063d2,56967aa4-ef65-456d-9c0e-3e2c0846ddf6,,Upright Piano,,
b944bd37-00b8-4b1f-8cc0-3757f670e357,e0794cc7-d1f3-4432-8e83-cdc6052c1cc3,,Backbone,,
beec7148-bab5-4a25-a1c7-49cb461afe56,e0794cc7-d1f3-4432-8e83-cdc6052c1cc3,,Backbone 1.1,,
41d4e252-faf7-4865-8f49-e90ea719b284,e0794cc7-d1f3-4432-8e83-cdc6052c1cc3,,Analog Techno,,
e0589856-aaf4-44f3-9141-22a52a3e367f,e0794cc7-d1f3-4432-8e83-cdc6052c1cc3,,Blockbuster,,
7c190bb2-897b-47c3-8ee5-151ebf03e9c6,e0794cc7-d1f3-4432-8e83-cdc6052c1cc3,,Bloom - Amy Kirkpatrick,,
3d4fd654-a277-4e9e-9c2f-f9fb08b89728,e0794cc7-d1f3-4432-8e83-cdc6052c1cc3,,Caleidoscope,,
6bedd88e-3ad4-47c2-afdf-66fe9528b284,e0794cc7-d1f3-4432-8e83-cdc6052c1cc3,,Cinematic Electronic,,
f7a06c6c-556d-4524-a288-4faeebceb8fd,e0794cc7-d1f3-4432-8e83-cdc6052c1cc3,,Cinematic Odyssey,,
22926311-4e42-4b60-b852-da79c1739dec,e0794cc7-d1f3-4432-8e83-cdc6052c1cc3,,Dancefloor Tech House,,
f02bf99a-6142-4cae-8a9c-2e2f0ca64901,e0794cc7-d1f3-4432-8e83-cdc6052c1cc3,,Delicatessen,,
9b7182ac-716a-4c25-8028-e5a3d055a410,e0794cc7-d1f3-4432-8e83-cdc6052c1cc3,,Drum Loops,(a.k.a Drum Loop Expansion 01),
d04ebfca-7f4c-4ed9-a206-cee163ad0010,e0794cc7-d1f3-4432-8e83-cdc6052c1cc3,,Drum Machine Vol 01,(a.k.a Drum Loop Expansion 01),
6e391217-cc14-4e25-b88e-fa1650e21d80,e0794cc7-d1f3-4432-8e83-cdc6052c1cc3,,Drum Machine Vol 02,(a.k.a Drum Loop Expansion 01),
4f86b2f4-eb05-4ad4-a9ec-813b2dc565fb,e0794cc7-d1f3-4432-8e83-cdc6052c1cc3,,EDM Toolbox,,
ea3d3379-edea-4c1a-ab9d-e56d782a52e2,e0794cc7-d1f3-4432-8e83-cdc6052c1cc3,,Future Trap,,
5439b5ca-2808-4c49-97e8-9c40e47315a7,e0794cc7-d1f3-4432-8e83-cdc6052c1cc3,,Grit & Grime,,
e4f78c38-909f-4d29-817c-1670e759c168,e0794cc7-d1f3-4432-8e83-cdc6052c1cc3,,Hard Knocks,,
fac3778f-7c58-4c42-a50c-5f35c72ed63c,e0794cc7-d1f3-4432-8e83-cdc6052c1cc3,,Hip Hop Vault,,
11d8fe84-d53c-4b14-bd5b-d16d0bae73d3,e0794cc7-d1f3-4432-8e83-cdc6052c1cc3,,Laidback House,,
36f00929-32f2-4744-aa5d-17111d5506c8,e0794cc7-d1f3-4432-8e83-cdc6052c1cc3,,LoFi Dreams,,
91fec799-0502-48cc-99b3-af29a004d7b0,e0794cc7-d1f3-4432-8e83-cdc6052c1cc3,,Loopmash 2 Content,(LoopMash Factory Library),
5aac4023-b95d-48db-9f4b-a571862a9601,e0794cc7-d1f3-4432-8e83-cdc6052c1cc3,,Loopmash Content,(LoopMash Factory Library),
2bfce89a-60bb-40f4-9f11-32cb254b29fc,e0794cc7-d1f3-4432-8e83-cdc6052c1cc3,,Mainroom Melodic House,,
a2335beb-0274-400f-8dd9-d6f1f25b5219,e0794cc7-d1f3-4432-8e83-cdc6052c1cc3,,Midnight Dance,,
660d71b2-98d3-4b35-ba6c-981a4c79bebc,e0794cc7-d1f3-4432-8e83-cdc6052c1cc3,,Mystic Spaces,,
8f91f318-6d3c-47d4-aef0-0b795ff6943b,e0794cc7-d1f3-4432-8e83-cdc6052c1cc3,,Night Call,(Night Call Synthwave),
2aeb1940-5f2a-4c56-8ff0-271c98b57672,e0794cc7-d1f3-4432-8e83-cdc6052c1cc3,,Noir,,
60f517f8-dd70-4460-bcc0-be2ca69c5638,e0794cc7-d1f3-4432-8e83-cdc6052c1cc3,,Raw Ambience,,
297ce6c4-ee9b-4c09-9775-ed23e0e2930a,e0794cc7-d1f3-4432-8e83-cdc6052c1cc3,,Rock Pop Toolbox,,
3b41fe10-6c98-4fc4-a54b-a97f224273d6,e0794cc7-d1f3-4432-8e83-cdc6052c1cc3,,Sequel Factory Library,(Sequel Content),
25e529fb-526f-4925-bc31-f8d2cdb8c70d,e0794cc7-d1f3-4432-8e83-cdc6052c1cc3,,Soul Assembly,,
28e77b88-911b-4a4e-84f2-b4f232b5cc89,e0794cc7-d1f3-4432-8e83-cdc6052c1cc3,,Soulful RnB Vocals,,
76e15d8b-78e7-44f4-a62f-d35bcf5ab878,e0794cc7-d1f3-4432-8e83-cdc6052c1cc3,,Steinberg Factory Content,,
8bd752fa-2027-44f6-bcb2-88a65cace47e,e0794cc7-d1f3-4432-8e83-cdc6052c1cc3,,Studio Kit SE,,
4cf83933-6ee6-44e9-81f3-0c8dc73882fa,e0794cc7-d1f3-4432-8e83-cdc6052c1cc3,,Vintage Verb Collection,,
60706fbe-dd13-42c4-9fe8-2ad10a5a8f4c,e0794cc7-d1f3-4432-8e83-cdc6052c1cc3,,Analogue Wonder,,
1395f4a1-a542-44f8-a028-50e2b747cec1,e0794cc7-d1f3-4432-8e83-cdc6052c1cc3,,Allen Morgan Signature Drums,,
42ebd11f-a93b-49ac-939a-ec33d60bade6,e0794cc7-d1f3-4432-8e83-cdc6052c1cc3,,Alternative Essentials,Drums,
2d6500b0-7a4c-4745-9a6e-82cd90fb054b,e0794cc7-d1f3-4432-8e83-cdc6052c1cc3,,Beat Agent,,
5685e9db-efe7-4536-9656-96e896e41f3d,e0794cc7-d1f3-4432-8e83-cdc6052c1cc3,,Groove Agent ONE,,
e1e82be1-3c92-4da7-ba5f-a8dc916b521f,e0794cc7-d1f3-4432-8e83-cdc6052c1cc3,,Groove Agent SE Factory Library,,
ba03346f-e285-49b3-8f47-fd2c3b9856be,e0794cc7-d1f3-4432-8e83-cdc6052c1cc3,,Jazz Essentials,,
92c1e100-fe0f-4929-ac9d-7fdb447d1080,e0794cc7-d1f3-4432-8e83-cdc6052c1cc3,,Laser Beams,,
bc98faaa-3dd9-46a5-88d4-51b5d856ef0e,e0794cc7-d1f3-4432-8e83-cdc6052c1cc3,,Production Grooves,,
297ce6c4-ee9b-4c09-9775-ed23e0e2930a,e0794cc7-d1f3-4432-8e83-cdc6052c1cc3,,Rock Pop Toolbox,(Beat Agent Rock Pop Toolbox Drums),
c93ca630-b7a3-44d7-97f7-ff3e1bdc9dd1,e0794cc7-d1f3-4432-8e83-cdc6052c1cc3,,SE Studio Kit,,
42d39237-e06d-4ac9-9306-18fe72beef08,e0794cc7-d1f3-4432-8e83-cdc6052c1cc3,,The Kit SE,,
447485b4-d344-4f43-915d-f89a61703457,e0794cc7-d1f3-4432-8e83-cdc6052c1cc3,,Etude Elements,,
d648cea6-54b0-4a4c-b6c3-9ee1f61443d7,e0794cc7-d1f3-4432-8e83-cdc6052c1cc3,,Flux,,
6b80978e-57a7-44e2-a44c-2affb4d42fe6,e0794cc7-d1f3-4432-8e83-cdc6052c1cc3,,HALion Symponic Orchestra,,
db99c0a0-d140-4f40-a724-895bac1796b5,e0794cc7-d1f3-4432-8e83-cdc6052c1cc3,,Iconica Sketch,,
fe24f54c-2574-43d2-b349-eb635ff6c36e,e0794cc7-d1f3-4432-8e83-cdc6052c1cc3,,Indian Drum Basics,,
c8002470-ef2e-4cc0-ade5-583416ec10ee,e0794cc7-d1f3-4432-8e83-cdc6052c1cc3,,Marching Percussion Basics,,
e5293edc-8853-47b0-8eef-b52a7658073d,e0794cc7-d1f3-4432-8e83-cdc6052c1cc3,,Olympus Choir Micro,,
d9c80b8e-fe5d-4e80-851f-bfbe035bf082,e0794cc7-d1f3-4432-8e83-cdc6052c1cc3,,Sonic Selection,,
a8929bf9-6635-45cc-874d-4bd4d5946ac8,e0794cc7-d1f3-4432-8e83-cdc6052c1cc3,,Trip,,
88cec9b4-b713-471b-a70a-9b62fed1ffd3,e0794cc7-d1f3-4432-8e83-cdc6052c1cc3,,Verve,,
a8ba2287-741e-4848-b95d-0f865d44e35b,e0794cc7-d1f3-4432-8e83-cdc6052c1cc3,,Writing Room Synths,,
a2916d59-8bf3-4296-a931-dd74f8249688,e0794cc7-d1f3-4432-8e83-cdc6052c1cc3,,MPE Padshop,(MPE Sounds Padshop),
25a7edfd-01a8-436d-b1b9-2e6ef458e35a,e0794cc7-d1f3-4432-8e83-cdc6052c1cc3,,Padshop,Padshop Factory Library,
3e1a5660-8e06-421a-b3c6-7e962da2609d,e0794cc7-d1f3-4432-8e83-cdc6052c1cc3,,Padshop 2,,
8ab77bf7-d80c-4faf-826a-eedd3f0a1dca,e0794cc7-d1f3-4432-8e83-cdc6052c1cc3,,MPE Retrologue,(MPE Sounds Retrologue),
ed30a17a-911b-493a-bb52-a698bcd4e267,e0794cc7-d1f3-4432-8e83-cdc6052c1cc3,,Retrologue,Retrologue Factory Library,
f7648416-6895-4c14-b3ff-484e447d0c02,e0794cc7-d1f3-4432-8e83-cdc6052c1cc3,,Retrologue 2,,
4dc4fbd1-31d1-4e1e-82cc-b47ec7a5e85b,2272f8c2-202e-11f1-a0d3-0072ee78ad39,,Flesh,,
c58f0794-a007-4836-906e-9744c0f71931,25ab061a-202e-11f1-a0d3-0072ee78ad39,,Sound Design Synthesis Collection ReFill,Combinator,
9f3c0c03-010d-4db4-a04b-11487daccfe4,25ab061a-202e-11f1-a0d3-0072ee78ad39,,Sound Design ThorKit II ReFill,Thor,
ba998143-be74-4d7b-8a51-1db31ab8d183,25ab061a-202e-11f1-a0d3-0072ee78ad39,,Sound Design ThorKit ReFill,Thor,
338ef3f3-c594-44e9-9b73-d9a7fe96dd38,25ab061a-202e-11f1-a0d3-0072ee78ad39,,Sound Design Vast ReFill,Combinator,
c3216d11-9b49-4fc6-8b2a-d9d9eba60069,ced5a791-ce04-40a1-aaef-9837cd76de2a,,Americana MIDI,Drum MIDI Packs,
ca692b94-5b55-4d74-b438-8316af82900d,ced5a791-ce04-40a1-aaef-9837cd76de2a,,Ballads MIDI,Drum MIDI Packs,
f7e03c59-2eae-444e-8ada-ac684a238f20,ced5a791-ce04-40a1-aaef-9837cd76de2a,,Basic Rock MIDI,Drum MIDI Packs,
2eee6b46-a13e-43af-a4e9-7ef8b3377f06,ced5a791-ce04-40a1-aaef-9837cd76de2a,,Big Rock Drums EZX,EZX Sound Expansion,
cce2b0fd-9115-4a9a-ab04-4fd22834f831,ced5a791-ce04-40a1-aaef-9837cd76de2a,,Blues MIDI,Drum MIDI Packs,
8d60e5b3-6ccc-4866-a509-74484672cb6a,ced5a791-ce04-40a1-aaef-9837cd76de2a,,Cinematic Patterns MIDI,Drum MIDI Packs,
27a19f2f-ae72-46dc-8b3d-28b3ab2b2eb5,ced5a791-ce04-40a1-aaef-9837cd76de2a,,Custom & Vintage SDX - Regular,SDX Sound Expansion,
23f1daaf-25b5-4ff3-a8f1-0842f6544dc1,ced5a791-ce04-40a1-aaef-9837cd76de2a,,Experimental Metal MIDI,Drum MIDI Packs,
cc129619-45ff-425c-a8d7-14c32ddddef4,ced5a791-ce04-40a1-aaef-9837cd76de2a,,Foundational Fusion MIDI,Drum MIDI Packs,
ef8ba3ac-d48a-4f40-959b-7bc8d873489c,ced5a791-ce04-40a1-aaef-9837cd76de2a,,Funk MIDI,Drum MIDI Packs,
d995b3ad-325b-4aeb-89db-80778999df15,ced5a791-ce04-40a1-aaef-9837cd76de2a,,Jazz MIDI,Drum MIDI Packs,
52e13a7c-6016-4bb4-9e34-a75ea1f1e905,ced5a791-ce04-40a1-aaef-9837cd76de2a,,Latin Rhythms MIDI,Drum MIDI Packs,
3ed5a446-e7b6-4417-8577-44b6f4dc0304,ced5a791-ce04-40a1-aaef-9837cd76de2a,,Linear Fusion MIDI,Drum MIDI Packs,
59ae52fb-5791-41e5-9cba-f00c62932945,ced5a791-ce04-40a1-aaef-9837cd76de2a,,Metal Fusion MIDI,Drum MIDI Packs,
35591c93-d0b1-40b5-8ca7-4a83ae08edf0,ced5a791-ce04-40a1-aaef-9837cd76de2a,,Metal Modulation MIDI,Drum MIDI Packs,
c5c440a0-b26c-4fd4-9357-aa768db62d4a,ced5a791-ce04-40a1-aaef-9837cd76de2a,,Monster MIDI Pack,Drum MIDI Packs,
d867ce86-5754-4f18-8768-85015697c2cb,ced5a791-ce04-40a1-aaef-9837cd76de2a,,Monster MIDI Pack 2 - Odd Meters,Drum MIDI Packs,
39504ffc-e8ef-4655-9473-f234e6dc4d6d,ced5a791-ce04-40a1-aaef-9837cd76de2a,,Monster MIDI Pack 3 - Fills,Drum MIDI Packs,
54ba04e2-28a1-4d79-9f5a-75e12d8ca9d4,ced5a791-ce04-40a1-aaef-9837cd76de2a,,Monster MIDI Pack 4 - Fills Odd Meters,Drum MIDI Packs,
f32c868d-9ce8-4e92-a0a3-3445bd79e779,ced5a791-ce04-40a1-aaef-9837cd76de2a,,Monumental MIDI,Drum MIDI Packs,
bdab71b0-5f1c-4451-8720-2af7dfb544d9,ced5a791-ce04-40a1-aaef-9837cd76de2a,,Post-Rock Grooves,Drum MIDI Packs,
a7d46775-7c4b-4afe-8701-ef232de9bdd6,ced5a791-ce04-40a1-aaef-9837cd76de2a,,Progression Fusion MIDI,Drum MIDI Packs,
fb7bd49d-35a0-40e4-a966-0da85176523e,ced5a791-ce04-40a1-aaef-9837cd76de2a,,Progressive EZX,EZX Sound Expansion,
75e4d9e2-7a81-40ac-a9f6-ff6b23e5e77b,ced5a791-ce04-40a1-aaef-9837cd76de2a,,Progressive Metal 2 MIDI,Drum MIDI Packs,
e09505b7-d830-4c85-b1aa-717f97c571b6,ced5a791-ce04-40a1-aaef-9837cd76de2a,,Progressive Metal MIDI,Drum MIDI Packs,
2fd29673-ca75-4817-b599-4902a52fbc2d,ced5a791-ce04-40a1-aaef-9837cd76de2a,,Progressive Patterns MIDI,Drum MIDI Packs,
1f301793-ed7f-4b3e-9fe3-d47a30c19730,ced5a791-ce04-40a1-aaef-9837cd76de2a,,Roots MIDI,Drum MIDI Packs,
2bd6b34c-195f-4dd0-8510-09f9e0fba2fb,ced5a791-ce04-40a1-aaef-9837cd76de2a,,Superior Drummer 3,,
cbdd5e49-ec15-4e73-9ae8-39f85ddf0f6c,ced5a791-ce04-40a1-aaef-9837cd76de2a,,The Blues EZX,EZX Sound Expansion,
5737f021-c340-41fb-a911-cca26f524228,ced5a791-ce04-40a1-aaef-9837cd76de2a,,The Metal Foundry SDX,SDX Sound Expansion,
b84ec11a-5a9f-4f65-833e-172ca91c9040,ced5a791-ce04-40a1-aaef-9837cd76de2a,,The Progressive Foundry SDX,SDX Sound Expansion,
06011317-072e-49b4-984f-e8b2c5668a84,ced5a791-ce04-40a1-aaef-9837cd76de2a,,The Rock Foundry SDX,SDX Sound Expansion,
75fcd2b1-193f-4d1b-ad4b-ec7e789bb633,ced5a791-ce04-40a1-aaef-9837cd76de2a,,The Rock Warehouse SDX,SDX Sound Expansion,
9a87c23f-519d-4dda-bcde-ac760527bd6a,ced5a791-ce04-40a1-aaef-9837cd76de2a,,The Rooms of Hansa SDX,SDX Sound Expansion,
56d6f472-6457-4445-a590-97c27e1c04c6,ced5a791-ce04-40a1-aaef-9837cd76de2a,,Area 33 SDX,SDX Sound Expansion,
eb3f0457-863e-462d-8c35-7b2fa72ee6cc,ced5a791-ce04-40a1-aaef-9837cd76de2a,,Area 33 - Origin SDX,SDX Sound Expansion,
e2b0d782-11c6-46e8-a711-63076ae6ee38,ced5a791-ce04-40a1-aaef-9837cd76de2a,,Decades SDX,SDX Sound Expansion,
9b75369e-fa12-43ed-8302-6a4dc742624c,ced5a791-ce04-40a1-aaef-9837cd76de2a,,Fields of Rock SDX,SDX Sound Expansion,
533f056a-0c11-477b-b37c-35fe3c0970c8,ced5a791-ce04-40a1-aaef-9837cd76de2a,,New York Studios Vol. 1 SDX,SDX Sound Expansion,
078a34ff-1ce5-481a-afcf-8d5dd1faad86,ced5a791-ce04-40a1-aaef-9837cd76de2a,,State of the Art SDX,SDX Sound Expansion,
1ed7c004-f1a0-474e-9f96-9285198633ca,76641d3a-202e-11f1-a0d3-0072ee78ad39,,Vinyl Classics,,
