Vendor Names,,Effects Categories,,Instrument Categories,,,Tags,,Effects Containers,,Instrument Containers,,Model Type,,Synth Parent,,App Categories,,Utility Categories
8Dio,,Amp & Cab,,Bass,,,Bass,,Amplitube,,BFD3,,Amp & Cab,,Ableton Live,,Administrative Tools,,Composition Tools
Ableton ,,Container,,Brass,,,Channel Strip,,BIAS Amp 2,,Cubase,,Bass,,Acid V,,Composition Tools,,Management Tools
Alexkid,,Delay,,Container,,,Deprecated,,BIAS FX 2,,Keyscape,,Channel Strip,,Analogue Wonder,,Container,,Metering & Signal
Ample Sound,,Dynamics,,Drums & Percussion,,,Drums,,BIAS X,,MODO Bass 2,,Console,,ARP 2600 V,,DAW / Workstation,,Reference Monitoring & Room Correction
Andrew Robertson,,EQ,,Guitars,,,Embedded,,Capitol Chambers,,MODO Drums,,Delay,,Aug. Brass,,Measurement & Diagnostics,,Spatial Tools
Antares,,Harmonic Coloration,,Keyboards,,,FILTER OUT,,Diezel Herbert,,Omnisphere,,Drums,,Aug. Grand Piano,,Workflow Tools,,
Arobas Music,,Microphone,,Pads & Textures,,,Guitar,,Diezel VH4,,Pianoverse,,Dynamics,,Aug. Strings,,,,
Arturia,,Modulation,,Pipes,,,Hardware,,Dream '65 Reverb Amp,,Reaktor,,EQ,,Aug. Voices,,,,
Audiomodern,,Pitch,,Rhythm,,,Live Sound,,Eden WT800,,Reason,,Harmonic Coloration,,Aug. Woodwinds,,,,
basehead,,Preamps,,Sampling,,,LOW DSP,,Engl Savage 120,,Syntronik,,Keyboard,,B-3 V2,,,,
BFD Drums,,Reverb & Room,,Sound Design,,,Mastering,,Fender Tweed Deluxe,,,,Microphone,,Backbone,,,,
Celemony,,Spatial Imaging,,Strings,,,Modeled,,Friedman Buxom Betty,,,,Modulation,,Battery 4,,,,
Cycling '74,,Time / Phase,,Synth,,,REMOVE,,Fuchs Train II,,,,Multi Effects,,BFD3,,,,
Dillon Bastan,,,,Vocal,,,Restoration,,GTR Amp,,,,Pitch Tools,,Buchla Easel V,,,,
Drumdrops,,,,Woodwinds,,,Stomp,,GTR Solo / Solo Rack,,,,Preamps & DI,,Clavinet V,,,,
e-Instruments,,,,World Instruments,,,Surround,,GTR Stomp,,,,Reverb,,CMI V,,,,
Emergence Audio,,,,,,,Voice,,Guitar Rig 7,,,,Spatial Processing,,CS-80 V4,,,,
Eric Corminier,,,,,,,,,Helix Native,,,,Stomp,,Cubase,,,,
Eventide,,,,,,,,,Hemisphere,,,,Studio,,CZ V,,,,
FabFilter,,,,,,,,,Hitsville Studios,,,,Synth / Samplers,,DX7 V,,,,
Flatpack,,,,,,,,,Lion '68 Super Lead Amp,,,,Tape Machine,,Emulator II V,,,,
GForce,,,,,,,,,Mic Mod,,,,Utility,,Farfisa V,,,,
Heavyocity,,,,,,,,,MicRoom,,,,,,Groove Agent,,,,
Henrik Schwarz,,,,,,,,,MixBox,,,,,,HALion Sonic,,,,
Iftah,,,,,,,,,Ocean Way,,,,,,Jun-6 V,,,,
IK Multimedia,,,,,,,,,Ocean Way Studios,,,,,,Jup-8 V,,,,
inMusic,,,,,,,,,Paradise Guitar Studio,,,,,,Jup-8000 V,,,,
iZotope,,,,,,,,,Putnam,,,,,,Keyscape,,,,
Jam Origin,,,,,,,,,Reaktor,,,,,,Kontakt,,,,
Katsuhiro Chiba,,,,,,,,,Reason,,,,,,Kontakt Leap,,,,
Korg,,,,,,,,,Ruby 63 Top Boost,,,,,,Korg MS-20 V,,,,
Line 6,,,,,,,,,Softube Amp Room Half-Stack,,,,,,Maschine 3,,,,
Loopmasters,,,,,,,,,Softube Bass Amp Room,,,,,,Massive,,,,
Mad Zach,,,,,,,,,Softube Metal Amp Room,,,,,,Massive X,,,,
Mark Egloff,,,,,,,,,Softube Vintage Amp Room,,,,,,Matrix-12 V2,,,,
Max for Cats,,,,,,,,,Sound City Studios,,,,,,Mellotron V,,,,
Mormo,,,,,,,,,Sphere,,,,,,Mini V4,,,,
MuseHub,,,,,,,,,Suhr PT100,,,,,,MiniBrute V,,,,
MuseScore,,,,,,,,,Suhr PT100,,,,,,MiniFreak V,,,,
Music Developments,,,,,,,,,Suhr SE100,,,,,,Modular V2,,,,
Native Instruments,,,,,,,,,TONEX,,,,,,Monark,,,,
Neural DSP,,,,,,,,,Verve Analog Machines,,,,,,OP-Xa V,,,,
Oli Larkin,,,,,,,,,Voltage Amps,,,,,,Padshop,,,,
Output,,,,,,,,,VST Amp Rack,,,,,,Piano V3,,,,
PACE Anti-Piracy,,,,,,,,,VST Bass Amp,,,,,,Pigments,,,,
Philip Meyer,,,,,,,,,,,,,,,Prism,,,,
Pink Noise Studio,,,,,,,,,,,,,,,Prophet-5,,,,
Positive Grid,,,,,,,,,,,,,,,Prophet-VS,,,,
Puremagnetik,,,,,,,,,,,,,,,Pure LoFI,,,,
Reason Studios,,,,,,,,,,,,,,,Reaktor,,,,
Richie Hawtin (Plastikman) and Liine,,,,,,,,,,,,,,,Reason,,,,
Robert Henke (Monolake) ,,,,,,,,,,,,,,,Retrologue,,,,
Rogue Amoeba,,,,,,,,,,,,,,,SampleTank,,,,
Roland,,,,,,,,,,,,,,,SEM V2,,,,
Sample Magic,,,,,,,,,,,,,,,SEM V3,,,,
Scaler Music,,,,,,,,,,,,,,,Solina V2,,,,
Scarbee,,,,,,,,,,,,,,,Soundpaint,,,,
Sonarworks,,,,,,,,,,,,,,,SQ80 V,,,,
Sonic Faction,,,,,,,,,,,,,,,Stage-73 V2,,,,
Soniccouture,,,,,,,,,,,,,,,Superior Drummer 3,,,,
Sound Oracle,,,,,,,,,,,,,,,Synclavier V,,,,
Soundminer,,,,,,,,,,,,,,,Synthi V,,,,
Soundpaint,,,,,,,,,,,,,,,Synthx V,,,,
Soundtoys,,,,,,,,,,,,,,,Syntronik,,,,
Spectrasonics,,,,,,,,,,,,,,,Vocoder V,,,,
Spitfire Audio,,,,,,,,,,,,,,,VOX Continental V2,,,,
Steinberg,,,,,,,,,,,,,,,Wurli V3,,,,
Tim Exile,,,,,,,,,,,,,,,,,,,
Tom Pritchard,,,,,,,,,,,,,,,,,,,
Toontrack,,,,,,,,,,,,,,,,,,,
Universal Audio,,,,,,,,,,,,,,,,,,,
Voxengo,,,,,,,,,,,,,,,,,,,
W.A. Production,,,,,,,,,,,,,,,,,,,
Waves,,,,,,,,,,,,,,,,,,,
XLN Audio,,,,,,,,,,,,,,,,,,,
Yamaha,,,,,,,,,,,,,,,,,,,
Zero G,,,,,,,,,,,,,,,,,,,