Name,Manufacturer,Category,Placeholder (Sorted Category) ,Form Factor,Tags,Sorted Tags,Parent,Version,Format,Model,Plugin Notes,Instrument Notes,Recording Notes,Column 12,Column 13,Column 14,Column 15
Syntronik 2 Galaxy,IK Multimedia,Synth,Synth,,Modeled,Modeled,Syntronik,,,Alesis Andromeda A6,Syntronik 2,,,,,,
Syntronik 2 Modulum,IK Multimedia,Synth,Synth,,Modeled,Modeled,Syntronik,,,"Alesis Andromeda A6
EMS VCS3
Moog System 55",Syntronik 2,,,,,,
Syntronik 2 Harpy 260,IK Multimedia,Synth,Synth,,Modeled,Modeled,Syntronik,,,ARP 2600,Syntronik 2,,,,,,
ARP 2600 V3,Arturia,Synth,Synth,"Plugin, Standalone",Modeled,Modeled,,3.13.4.6366,"AU, VST3",ARP 2600,,,,,,,
ARP 2600,Korg,Synth,Synth,"Plugin, Standalone",Modeled,Modeled,,1.2.1,"AU, VST3",ARP 2600,,,,,,,
Axxess,GForce,Synth,Synth,"Plugin, Standalone",Modeled,Modeled,,1.0.1,"AU, VST3",ARP Axxe,,,,,,,
Oddity3,GForce,Synth,Synth,"Plugin, Standalone",Modeled,Modeled,,1.1.2,"AU, VST3",ARP Odyssey,,,,,,,
ARP Odyssey,Korg,Synth,Synth,"Plugin, Standalone",Modeled,Modeled,,1.5.3,"AU, VST3",ARP Odyssey,,,,,,,
MiniBrute V,Arturia,Synth,Synth,"Plugin, Standalone",Modeled,Modeled,,1.0.6..6366,"AU, VST3",Arturia MiniBrute,,,,,,,
MiniFreak V,Arturia,Synth,Synth,"Plugin, Standalone",Modeled,Modeled,,4.0.2.6369,"AU, VST3",Arturia MiniFreak,,,,,,,
Electric Harpsichord,Spectrasonics,Keyboards,Keyboards,,Modeled,Modeled,"Keyscape, Omnisphere",,,Baldwin Solid Body Harpsichord,,,,,,,
Black Pearl B200,IK Multimedia,Keyboards,Keyboards,,Modeled,Modeled,Pianoverse,,,Boesendorfer 214VC Vienna Concert,,,,,,,
Black Diamond B280,IK Multimedia,Keyboards,Keyboards,,Modeled,Modeled,Pianoverse,,,Boesendorfer 280 Vienna Concert,,,,,,,
BFD Stanton Moore Cymbals,BFD,Drums & Percussion,Drums & Percussion,,"Drums, Modeled","Drums, Modeled",BFD3,,,Bosphorous Stanton Moore Signature Cymbals,BFD3 Expansion,"Bosphorous Stanton Moore (Signature Cymbals); 4 crashes (with additional mallet versions), 2 rides and a hihat

","Stanton Moore (founding member of New Orleans funk band Galactic; worked w/ Tom Morello, Robert Walter, Corrosion of Conformity, Joss Stone). Recordings performed by sampling guru John Emrich",,,,
Buchla Easel V,Arturia,Synth,Synth,"Plugin, Standalone",Modeled,Modeled,,1.13.4.6366,"AU, VST3",Buchla Music Easel,,,,,,,
BFD Jazz Noir,BFD,Drums & Percussion,Drums & Percussion,,"Drums, Modeled","Drums, Modeled",BFD3,,,Camco Oaklawn Kit,BFD3 Expansion,"rare, vintage Camco ""Oaklawn""; sticks and brushes; Istanbul cymbals (inc. 24"" ride); 1930s Round Badge Gretsch (snare)","jazz, funk and neo-soul, Camco drums are sought after by players and collectors alike for their clarity of tone and warm sustain; tuned medium high; Gretsch snare is low / fat alternative to Camco snare.
- Kick recorded dampened and open w/ Oktava MK220 (inside) and Neumann TLM 103 (outside). 
- Both snares were recorded w/ + w/o wires w/ Avantone CK-1 (top) Rode NT5 (underneath)
- toms recorded w/ SE Electronics 3 (w/ snare wires for natural kit sound or w/ no wires for cleaner timbre) 
- cymbals recorded w/ pair of AKG C415B (overheads)
- room mics (Golden Age Project R1, AEA R84 ribbon)",,,,
CZ-V,Arturia,Synth,Synth,"Plugin, Standalone",Modeled,Modeled,,1.9.4.6366,"AU, VST3","Casio CZ-101
Casio CZ-1000",,,,,,,
M-Tron MkII,GForce,"Keyboards, Synth","Keyboards, Synth","Plugin, Standalone",Modeled,Modeled,,1.2.0,"AU, VST3","Chamberlin MusicMaster
Mellotron Mk I
Mellotron Mk II",,,,,,,
BFD Crush,BFD,Drums & Percussion,Drums & Percussion,,"Drums, Modeled","Drums, Modeled",BFD3,,,Crush Drums Sublime AXM,BFD3 Expansion,"Meinl Byzance cymbals: (10 cymbals; range of stacked configs); 3 versions of kick (dampened, fully open, w/o resonant head); 3 snares across eight variations; 6 toms (2 floor, 4 rack)","perfect for all progressive and technical rock and metal genres. kick and toms recorded w/ mics intended for heavy music. Audix D6, Sennheiser E602, AKG D112, AEA R84. recorded a tiled surface to give some shimmer to your drum kit, and we brought back the infamous PZM microphones from the BFD Eldorado sessions - these microphones give you a huge room sound and can be the foundation of your mix. We also included a mono microphone positioned just in front of the drum kit, which can be crushed to hell and back to really fatten up your productions.",,,,
Horn Bass,IK Multimedia,Bass,Bass,,"Bass, Modeled","Bass, Modeled",MODO Bass 2,,,Danelectro Longhorn Bass,,"4 Strings; Passive, Horn BSC + NSC",(rock and roll) ,,,,
Syntronik Syner-V,IK Multimedia,Synth,Synth,,Modeled,Modeled,Syntronik,,,Digital Keyboards Synergy ii+,,,,,,,
Metal Bass,IK Multimedia,Bass,Bass,,"Bass, Modeled","Bass, Modeled",MODO Bass 2,,,Dingwall Combustion ,,"5 Strings; Active,  Metal, BSC + NSC",(metal) ,,,,
Silver,IK Multimedia,Drums & Percussion,Drums & Percussion,,"Drums, Modeled","Drums, Modeled",MODO Drums,,,DW Collector's Series,,"6-piece; vintage maple set
",all-round and versatile solution for any genre. Its open sound and its tuning capability without losing focus make this kit great for genres from pop to rock. It can even be pushed to metal and heavier genres also using the onboard processing inside MODO DRUM.,,,,
Emulator II V,Arturia,"Sampling, Synth","Sampling, Synth","Plugin, Standalone",Modeled,Modeled,,1.6.4.6366,"AU, VST3",E-mu Systems Emulator II,,,,,,,
Synthx V,Arturia,Synth,Synth,"Plugin, Standalone",Modeled,Modeled,,1.0.7.6366,"AU, VST3",Elka Synthex,,,,,,,
Syntronik Synth-X,IK Multimedia,Synth,Synth,,Modeled,Modeled,Syntronik,,,Elka Synthex,,,,,,,
Syntronik 2 String Box,IK Multimedia,Synth,Synth,,Modeled,Modeled,Syntronik,,,Eminent Solina/ARP String Ensemble,Syntronik 2,,,,,,
Solina V2,Arturia,"Strings, Synth","Strings, Synth","Plugin, Standalone",Modeled,Modeled,,2.13.4.6366,"AU, VST3",Eminent Solina/ARP String Ensemble,,,,,,,
Synthi V,Arturia,Synth,Synth,"Plugin, Standalone",Modeled,Modeled,,1.9.4.6366,"AU, VST3",EMS Synthi AKS,,,,,,,
Syntronik 2 VCF3,IK Multimedia,Synth,Synth,,Modeled,Modeled,Syntronik,,,EMS VCS3,Syntronik 2,,,,,,
SQ80 V,Arturia,Synth,Synth,"Plugin, Standalone",Modeled,Modeled,,1.6.5.6366,"AU, VST3",Ensoniq SQ-80,(1988),,,,,,
Bass Man 5,IK Multimedia,Bass,Bass,,"Bass, Modeled","Bass, Modeled",MODO Bass 2,,,Ernie Ball Music Man StingRay 5,(1987),"5 Strings; Active, BassMan 5 HB  1987",(versatile)  (punchy),,,,
Ample Metal R,Ample Sound,Bass,Bass,Plugin,"Bass, Modeled","Bass, Modeled",,4.0.1,"AU, VST3",Ernie Ball Music Man StingRay 5 Retro '70s ,,5 Strings,,,,,
Fretless Bass. Man,IK Multimedia,Bass,Bass,,"Bass, Modeled","Bass, Modeled",MODO Bass 2,,,Ernie Ball Music Man StingRay Pino Palladino Fretless,,"4 Strings; Active, F-Bass Man HB pickup","(soul, funk, pop, new wave) (soloing) ",,,,
CMI V,Arturia,"Sampling, Synth","Sampling, Synth","Plugin, Standalone",Modeled,Modeled,,1.13.4.6366,"AU, VST3",Fairlight CMI IIx,,,,,,,
Farfisa V,Arturia,Keyboards,Keyboards,"Plugin, Standalone",Modeled,Modeled,,1.13.4.6366,"AU, VST3",Farfiso Combo Deluxe Compact,,,,,,,
Grand Rhapsody Piano,Waves,Keyboards,Keyboards,"Plugin, Standalone",Modeled,Modeled,,16.7.33,AU,Fazioli F228,London's Metropolis Studios,,,,,,
Gran Concerto 278,IK Multimedia,Keyboards,Keyboards,,Modeled,Modeled,Pianoverse,,,Fazioli F278,,,,,,,
"Rhodes - LA Custom ""E""",Spectrasonics,Keyboards,Keyboards,,Modeled,Modeled,"Keyscape, Omnisphere",,,Fender E Model Rhodes,"inspired by the original 1971 version, this model was a 1974 modded by Eddy Reynolds (SN # 54247-044074)",,,,,,
Fretless Jazz,IK Multimedia,Bass,Bass,,"Bass, Modeled","Bass, Modeled",MODO Bass 2,,,Fender Jaco Pastorius Jazz Bass,,"4 Strings; Passive, F-Jazz BSC & NSC pickups",,,,,
Ample Bass JF,Ample Sound,Bass,Bass,Plugin,"Bass, Modeled","Bass, Modeled",,4.0.1,"AU, VST3",Fender Jaco Pastorius Relic Fretless Jazz Bass,,,,,,,
Modern J-Bass,IK Multimedia,Bass,Bass,,"Bass, Modeled","Bass, Modeled",MODO Bass 2,,,Fender Jazz Bass,,"4 Strings; Passive, Modern NSC & BSC Pickups",,,,,
70's J Bass,IK Multimedia,Bass,Bass,,"Bass, Modeled","Bass, Modeled",MODO Bass 2,,,Fender Jazz Bass,(1970s),"4 Strings; Passive, 70s J NSC & BSC Pickups","(disco, funk)",,,,
Ample Bass J,Ample Sound,Bass,Bass,Plugin,"Bass, Modeled","Bass, Modeled",,4.0.1,"AU, VST3",Fender Johnny English Masterbuilt Jazz Bass,,,,,,,
Fusion J-Bass,IK Multimedia,Bass,Bass,,"Bass, Modeled","Bass, Modeled",MODO Bass 2,,,Fender Marcus Miller Jazz Bass,,"4 Strings; Passive, Fusion BSC + NSC",(fusion) (hard slapping)  ,,,,
Punk Bass,IK Multimedia,Bass,Bass,,"Bass, Modeled","Bass, Modeled",MODO Bass 2,,,Fender Mark Hoppus Jazz Bass,(2000s),"4 Strings; Passive, Punk SC Pickups ","(punk, rock)",,,,
70's P Bass,IK Multimedia,Bass,Bass,,"Bass, Modeled","Bass, Modeled",MODO Bass 2,,,Fender Precision Bass,(1970s),"4 Strings; Passive, 70s P NSC Pickups ","(rock, classic rock, metal)",,,,
60's P Bass,IK Multimedia,Bass,Bass,,"Bass, Modeled","Bass, Modeled",MODO Bass 2,,,Fender Precision Bass,(1960s),"4 Strings; Passive, 60s P NSC Pickups","(rock, jazz, funk)",,,,
Ample Bass P,Ample Sound,Bass,Bass,Plugin,"Bass, Modeled","Bass, Modeled",,4.0.1,"AU, VST3",Fender Precision Bass,,,,,,,
Stage-73 V2,Arturia,Keyboards,Keyboards,"Plugin, Standalone",Modeled,Modeled,,2.6.5.6366,"AU, VST3",Fender Rhodes Mark I Stage 73,,,,,,,
Rhodes - Classic Mark I,Spectrasonics,Keyboards,Keyboards,,Modeled,Modeled,"Keyscape, Omnisphere",,,Fender Rhodes Mark I Suitcase 88,"Original Fender Mark I restored by LA keyboard tech, Ken Rich",,,,,,
EP-1,Korg,Keyboards,Keyboards,"Plugin, Standalone",Modeled,Modeled,,1.2.1,"AU, VST3",Fender Rhodes Mark I Suitcase 88,,"based on Korg workstations (Nautilus, Kronos)",,,,,
Electra 88 Vintage Keys,Universal Audio,Keyboards,Keyboards,Plugin,Modeled,Modeled,,1.0.12,UADx,Fender Rhodes Mark I Suitcase 88,(1974) Softube (Modeled by) ,,,,,,
Electric 88,Waves,Keyboards,Keyboards,"Plugin, Standalone",Modeled,Modeled,,16.7.33,AU,Fender Rhodes Mark I Suitcase 88,(1974),,,,,,
Rhodes Piano Bass,Spectrasonics,Keyboards,Keyboards,,Modeled,Modeled,"Keyscape, Omnisphere",,,Fender Rhodes Piano Bass,,,,,,,
Rhodes 1946 Pre-Piano,Spectrasonics,Keyboards,Keyboards,,Modeled,Modeled,"Keyscape, Omnisphere",,,Fender Rhodes Pre-Piano,,,,,,,
Imperial Bass,IK Multimedia,Bass,Bass,,"Bass, Modeled","Bass, Modeled",MODO Bass 2,,,Fodera Imperial ,,6 Strings; Active Imperial BHB + NHB (Custom),,,,,
Ample Bass Y,Ample Sound,Bass,Bass,Plugin,"Bass, Modeled","Bass, Modeled",,4.0.1,"AU, VST3",Fodera Yin Yang,,,,,,,
Devil Bass,IK Multimedia,Bass,Bass,,"Bass, Modeled","Bass, Modeled",MODO Bass 2,,,Gibson EB-0,,"4 Strings; Passive, Devil SC ","(rock) (deep, stands out)   ",,,,
Thunder Bass,IK Multimedia,Bass,Bass,,"Bass, Modeled","Bass, Modeled",MODO Bass 2,,,Gibson Thunderbird,(1963),"4 Strings; Passive, THunder BHB + NHB, (1963, rock)  ",(rock),,,,
Jazzy,IK Multimedia,Drums & Percussion,Drums & Percussion,,"Drums, Modeled","Drums, Modeled",MODO Drums,,,Gretsch USA Custom,,4-piece set,"Designed for bebop or more subtle dynamic jazz played at lower volumes, this kit features a bright, balanced sound. Manufactured heads, pre-muffled bass drum heads and 100% mahogany shells make it perfect for jazz purists and many other music genres. ",,,,
BFD Horsepower,BFD,Drums & Percussion,Drums & Percussion,,"Drums, Modeled","Drums, Modeled",BFD3,,,Gretsch USA Custom,BFD3 Expansion,6 configurable kits; sticks and brushes; Sabian hi-hats; Zildjian cymbals; ,"Americana-style drum sounds for a wide range of genres from blues and alt-country to garage rock and folk. Recorded w/ a perfect balance between vintage dirt and modern punch Warm ribbon-mic room ambience is accompanied by several 'character' channels with saturated vintage tones, custom plate processing and even a unique trash can mic for lo-fi dirt. Snares were damped with paper and tea towels with the rest of the kit left untreated and tuned to the room for an open and vibrant sound that effortlessly slots into your mixes.",,,,
Ample Bass A,Ample Sound,Bass,Bass,Plugin,"Bass, Modeled","Bass, Modeled",,4.0.1,"AU, VST3",Guild B-54 Acoustic Bass,,,,,,,
Hammond B-3X,IK Multimedia,Keyboards,Keyboards,"Plugin, Standalone",Modeled,Modeled,,1.3.5,"AU, VST3",Hammond B-3 Organ,,"Stomp: Ibanez Tube Screamer,  BOSS CE-1, Wah, Spring Reverb. Amps: model 147, classic 122, modern 122A, 3300W and G37 / Studio 12 Leslie amps or two tube guitar amps, the British Lead, based on the Marshall® Plexi S100, and the HiAmp, based on the Hiwatt® Custom 100 DR 103. POST Effects: UREI 1176 Limiter, Neve 1081 EQ, General Reverb",,,,,
Waterfall B3 Organ,Universal Audio,Keyboards,Keyboards,Plugin,Modeled,Modeled,,1.3.16,UADx,Hammond B-3 Organ,(1958),,,,,,
B-3 V2,Arturia,Keyboards,Keyboards,"Plugin, Standalone",Modeled,Modeled,,2.9.5.6366,"AU, VST3",Hammond B-3 Organ,,,,,,,
Violin Bass,IK Multimedia,Bass,Bass,,"Bass, Modeled","Bass, Modeled",MODO Bass 2,,,Hofner 500/1 Violin Bass,(1956),"4 Strings (hollowbody); Passive, Violin BSC + NSC,",(60s pop),,,,
Hohner Clavinet C,Spectrasonics,Keyboards,Keyboards,,Modeled,Modeled,"Keyscape, Omnisphere",,,Hohner Clavinet C,"model from legendary Philadelphia soul factory, Sigma Sound Studios (70s producers Thom Bell, Gamble and Huff) ",,,,,,
Clavinet V,Arturia,Keyboards,Keyboards,"Plugin, Standalone",Modeled,Modeled,,1.13.4.6366,"AU, VST3",Hohner Clavinet D6,,,,,,,
Clavinet,Waves,Keyboards,Keyboards,"Plugin, Standalone",Modeled,Modeled,,16.7.33,AU,Hohner Clavinet D6,,,,,,,
Hohner Clavinet-Pianet DUO,Spectrasonics,Keyboards,Keyboards,,Modeled,Modeled,"Keyscape, Omnisphere",,,Hohner Clavinet-PIanet DUO,,,,,,,
Hohner Pianet M,Spectrasonics,Keyboards,Keyboards,,Modeled,Modeled,"Keyscape, Omnisphere",,,Hohner Pianet M,,,,,,,
Hohner Pianet N,Spectrasonics,Keyboards,Keyboards,,Modeled,Modeled,"Keyscape, Omnisphere",,,Hohner Pianet N,"model of unit from Zac Rae, LA session keyboardist. ",,,,,,
Hohner Pianet T,Spectrasonics,Keyboards,Keyboards,,Modeled,Modeled,"Keyscape, Omnisphere",,,Hohner Pianet T,,,,,,,
Japan Bass,IK Multimedia,Bass,Bass,,"Bass, Modeled","Bass, Modeled",MODO Bass 2,,,Ibanez SR (Soundgear) ,,"4 Strings Active, Japan BHB + NHB",(versatile)  ,,,,
Toy Piano - Saucer Bell,Spectrasonics,Keyboards,Keyboards,,Modeled,Modeled,"Keyscape, Omnisphere",,,Jaymar Upright Toy Piano,,,,,,,
Liberty Upright Fine-tuned,IK Multimedia,Keyboards,Keyboards,,Modeled,Modeled,Pianoverse,,,Koch & Korselt Upright,,Fine-Tuned version of Liberty Upright,,,,,
Liberty Upright,IK Multimedia,Keyboards,Keyboards,,Modeled,Modeled,Pianoverse,,,Koch & Korselt Upright,,,,,,,
Harmochord,Spectrasonics,Keyboards,Keyboards,,Modeled,Modeled,"Keyscape, Omnisphere",,,Koestler Harmochord,,,,,,,
Syntronik KW-8000,IK Multimedia,Synth,Synth,,Modeled,Modeled,Syntronik,,,Korg DW-8000,,,,,,,
Electribe-R,Korg,Rhythm,Rhythm,"Plugin, Standalone",Modeled,Modeled,,1.0.2,"AU, VST3",Korg ElecTribe R (ER-1) ,,,,,,,
SGX-2,Korg,Keyboards,Keyboards,"Plugin, Standalone",Modeled,Modeled,,1.0.2,"AU, VST3","Korg Kronos
Korg Nautilus",,"Based on the SGX-2 Premium Piano Engine from Kronos and Nautilus [German Grand, Japanese Grand, Italian Grand, Japanese Small Grand, Japanese Upright ] ",,,,,
M1,Korg,Synth,Synth,"Plugin, Standalone",Modeled,Modeled,,2.4.1,"AU, VST3",Korg M1,,,,,,,
microKORG,Korg,Synth,Synth,"Plugin, Standalone",Modeled,Modeled,,1.1.0,"AU, VST3",Korg microKorg,,,,,,,
miniKorg,Korg,"Keyboards, Synth","Keyboards, Synth","Plugin, Standalone",Modeled,Modeled,,1.1.1,"AU, VST3",Korg MiniKorg 700,,,,,,,
MonoPoly,Korg,Synth,Synth,"Plugin, Standalone",Modeled,Modeled,,2.4.2,"AU, VST3",Korg Mono/Poly (MP-4),,,,,,,
Syntronik 2 M-Poly,IK Multimedia,Synth,Synth,,Modeled,Modeled,Syntronik,,,"Korg Mono/Poly (MP-4)
Korg Polysix",Syntronik 2,,,,,,
KORG MS-20 V,Arturia,Synth,Synth,"Plugin, Standalone",Modeled,Modeled,,1.3.4.6366,"AU, VST3",Korg MS-20,,,,,,,
MS-20,Korg,Synth,Synth,"Plugin, Standalone",Modeled,Modeled,,2.4.2,"AU, VST3",Korg MS-20,,,,,,,
Polysix,Korg,Synth,Synth,"Plugin, Standalone",Modeled,Modeled,,2.4.2,"AU, VST3",Korg Polysix,,,,,,,
Prophecy,Korg,Synth,Synth,"Plugin, Standalone",Modeled,Modeled,,1.7.0,"AU, VST3",Korg Prophecy,,,,,,,
PS-3300,Korg,Synth,Synth,"Plugin, Standalone",Modeled,Modeled,,1.0.3,"AU, VST3",Korg PS-3300,,,,,,,
Syntronik Triptych,IK Multimedia,Synth,Synth,,Modeled,Modeled,Syntronik,,,Korg Trident mkII,,,,,,,
Trinity,Korg,Synth,Synth,"Plugin, Standalone",Modeled,Modeled,,1.1.1,"AU, VST3",Korg Trinity,,,,,,,
Triton,Korg,Synth,Synth,"Plugin, Standalone",Modeled,Modeled,,1.4.3,"AU, VST3",Korg Triton ,,,,,,,
Triton Extreme,Korg,Synth,Synth,"Plugin, Standalone",Modeled,Modeled,,1.1.1,"AU, VST3",Korg Triton Extreme,,,,,,,
Wavestation,Korg,Synth,Synth,"Plugin, Standalone",Modeled,Modeled,,2.4.2,"AU, VST3",Korg Wavestation,,,,,,,
Black Oyster,IK Multimedia,Drums & Percussion,Drums & Percussion,,"Drums, Modeled","Drums, Modeled",MODO Drums,,,Ludwig Black Oyster Pearl,,,,,,,
Plexi,IK Multimedia,Drums & Percussion,Drums & Percussion,,"Drums, Modeled","Drums, Modeled",MODO Drums,,,Ludwig Vistalite,,"""Zep"" configuration",,,,,
BFD Oblivion,BFD,Drums & Percussion,Drums & Percussion,,"Drums, Modeled","Drums, Modeled",BFD3,,,Mapex Orion,BFD3 Expansion,"3 different version of Mapex Orion; 2 snares (Mapex brass; Brady jarrah wood) cymbals (Bosphorous, Zildjian, Paiste) ","Designed to provide ready-to-use heavy rock and metal drum sounds; inspired by genres like post-metal, sludge, prog-metal and alt-rock and are intended to have the punch to slice through the densest walls of guitars.",,,,
M-Tron Pro IV,GForce,Synth,Synth,"Plugin, Standalone",Modeled,Modeled,,1.0.2,"AU, VST3",Mellotron M400,,,,,,,
Mellotron V,Arturia,"Keyboards, Sampling","Keyboards, Sampling","Plugin, Standalone",Modeled,Modeled,,1.9.5.6366,"AU, VST3",Mellotron Mk II,,,,,,,
SampleTron 2,IK Multimedia,"Keyboards, Sampling","Keyboards, Sampling","Plugin, Standalone",Modeled,Modeled,,2.0.5,"AU, VST3","Mellotron Mk II
Mellotron M300
Mellotron M400",,,,,,,
Syntronik 2 Memory-V,IK Multimedia,Synth,Synth,,Modeled,Modeled,Syntronik,,,Moog Memorymoog,Syntronik 2,,,,,,
Mini V4,Arturia,Synth,Synth,"Plugin, Standalone",Modeled,Modeled,,4.0.4.6366,"AU, VST3",Moog Minimoog Model D,,,,,,,
Minimonsta2,GForce,Synth,Synth,"Plugin, Standalone",Modeled,Modeled,,1.0.2,"AU, VST3",Moog Minimoog Model D,,,,,,,
Moog Minimoog Synth,Universal Audio,Synth,Synth,Plugin,Modeled,Modeled,,1.4.16,UADx,Moog Minimoog Model D,,,,,,,
Syntronik 2 Minimod,IK Multimedia,Synth,Synth,,Modeled,Modeled,Syntronik,,,"Moog Minimoog Model D
Moog Minimoog Voyager
Moog System 55",Syntronik 2,,,,,,
Syntronik 2 Polymorph,IK Multimedia,"Brass, Keyboards, Strings, Synth, Woodwinds, Bass","Bass, Brass, Keyboards, Strings, Synth, Woodwinds",,Modeled,Modeled,Syntronik,,,"Moog Polymoog 203a
Moog Opus 3
Moog Rogue
Realistic Concertmate MG-1",Syntronik 2,,,,,,
Syntronik 2 Noir,IK Multimedia,Synth,Synth,,Modeled,Modeled,Syntronik,,,"Moog Prodify
Moog Micromoog
Moog Multimoog",Syntronik 2,,,,,,
Syntronik Sorcerer,IK Multimedia,Synth,Synth,,Modeled,Modeled,Syntronik,,,Moog Source,,,,,,,
Modular V3,Arturia,Synth,Synth,"Plugin, Standalone",Modeled,Modeled,,3.13.4.6366,"AU, VST3",Moog System 55,,,,,,,
Syntronik 2 Bully,IK Multimedia,"Bass, Synth","Bass, Synth",,Modeled,Modeled,Syntronik,,,"Moog Taurus Pedal Synthesizer (I)
Moog Taurus II
Moog Taurus III",Syntronik 2,,,,,,
Toy Piano - Grand,Spectrasonics,Keyboards,Keyboards,,Modeled,Modeled,"Keyscape, Omnisphere",,,Muse Toy Piano Grand,,,,,,,
Synclavier V,Arturia,"Sampling, Synth","Sampling, Synth","Plugin, Standalone",Modeled,Modeled,,2.13.4.6366,"AU, VST3",New England Digital Synclavier II,,,,,,,
Aluminum,IK Multimedia,Bass,Bass,,"Bass, Modeled","Bass, Modeled",MODO Bass 2,,,Noah Paraffina,,"4 Strings; Active, Alm SC",(experimental) ,,,,
Oberheim DMX,GForce,"Drums & Percussion, Synth","Drums & Percussion, Synth","Plugin, Standalone","Drums, Modeled","Drums, Modeled",,1.1.0,"AU, VST3",Oberheim DMX,,,,,,,
Oberheim OB-EZ,GForce,Synth,Synth,"Plugin, Standalone",Modeled,Modeled,,1.0.2,"AU, VST3",Oberheim Eight Voice,,Simplified Interface. ,,,,,
Oberheim OB-E,GForce,Synth,Synth,"Plugin, Standalone",Modeled,Modeled,,2.6.0,"AU, VST3",Oberheim Eight Voice,,,,,,,
Matrix-12 V2,Arturia,Synth,Synth,"Plugin, Standalone",Modeled,Modeled,,2.13.4.6366,"AU, VST3",Oberheim Matrix 12,,,,,,,
Syntronik M-12,IK Multimedia,Synth,Synth,,Modeled,Modeled,Syntronik,,,Oberheim Matrix 12,,,,,,,
Oberheim OB-1,GForce,Synth,Synth,"Plugin, Standalone",Modeled,Modeled,,1.0.0,"AU, VST3",Oberheim OB-1,,,,,,,
Syntronik Obie One,IK Multimedia,Synth,Synth,,Modeled,Modeled,Syntronik,,,Oberheim OB-1,,,,,,,
Oberheim OB-X,GForce,Synth,Synth,"Plugin, Standalone",Modeled,Modeled,,1.0.1,"AU, VST3",Oberheim OB-X,,,,,,,
Syntronik 2 OXa,IK Multimedia,Synth,Synth,,Modeled,Modeled,Syntronik,,,"Oberheim OB-X
Oberheim OB-Xa",Syntronik 2,,,,,,
OP-Xa V,Arturia,Synth,Synth,"Plugin, Standalone",Modeled,Modeled,,1.7.4.6366,"AU, VST3",Oberheim OB-Xa,,,,,,,
Syntronik 2 SAM,IK Multimedia,Synth,Synth,,Modeled,Modeled,Syntronik,,,Oberheim SEM,Syntronik 2,,,,,,
SEM V2,Arturia,Synth,Synth,"Plugin, Standalone",Modeled,Modeled,,2.13.2.5305,"AU, VST3",Oberheim SEM,,,superceded by SEM V3,,,,
SEM V3,Arturia,Synth,Synth,"Plugin, Standalone",Modeled,Modeled,,3.0.1.6366,"AU, VST3",Oberheim SEM,,,,,,,
Oberheim SEM,GForce,Synth,Synth,"Plugin, Standalone",Modeled,Modeled,,1.6.1,"AU, VST3",Oberheim SEM,,,,,,,
Syntronik CATO,IK Multimedia,Synth,Synth,,Modeled,Modeled,Syntronik,,,Octave The Cat,,,,,,,
impOSCar3,GForce,Synth,Synth,"Plugin, Standalone",Modeled,Modeled,,1.0.0,"AU, VST3",OSC OSCar,,,,,,,
Syntronik OSC-V,IK Multimedia,Synth,Synth,,Modeled,Modeled,Syntronik,,,OSC OSCar,,,,,,,
Elegance Cymbals,IK Multimedia,Drums & Percussion,Drums & Percussion,,"Drums, Modeled","Drums, Modeled",MODO Drums,,,Paiste Signature Series,,"9-piece set of cymbals: 
Hi-Hat, Crash 16"", Crash 18"", Crash 19"", China 20"", Splash 10"", Bell 10"", Ride 22"" , China 18""",,,,,
Reference,IK Multimedia,Drums & Percussion,Drums & Percussion,,"Drums, Modeled","Drums, Modeled",MODO Drums,,,Pearl Reference Series,,8-piece set,,,,,
Syntronik 2 Blau,IK Multimedia,Synth,Synth,,Modeled,Modeled,Syntronik,,,"PPG Wave 2.2
PPG Wave 2.3",Syntronik 2,,,,,,
Rick n'Bass,IK Multimedia,Bass,Bass,,"Bass, Modeled","Bass, Modeled",MODO Bass 2,,,Rickenbacker 4003,,"4 Strings; Passive, Rick n' B BSC + NSC ",(rock and roll) (high frequency)   ,,,,
JD-800 Crystal Rhodes,Spectrasonics,Keyboards,Keyboards,,Modeled,Modeled,"Keyscape, Omnisphere",,,Roland JD-200,"model of  Eric Persing's ""Crystal Rhodes"" patch ",,,,,,
Jup-8000 V,Arturia,Synth,Synth,"Plugin, Standalone",Modeled,Modeled,,1.0.1.6366,"AU, VST3",Roland JP-8000,,,,,,,
Jun-6 V,Arturia,Synth,Synth,"Plugin, Standalone",Modeled,Modeled,,1.6.6.6366,"AU, VST3",Roland Juno-6,,,,,,,
Junatik,Native Instruments,Synth,Synth,,Modeled,Modeled,Reaktor,,,Roland Juno-60,,polyphonic analog synth,,,,,
Syntronik 2 J-60,IK Multimedia,Synth,Synth,,Modeled,Modeled,Syntronik,,,Roland Juno-60,Syntronik 2,,,,,,
Syntronik J-60,IK Multimedia,Synth,Synth,,Modeled,Modeled,Syntronik,,,Roland Juno-60,,,superceded by Syntronik 2 (different patches) ,,,,
Syntronik 2 J-8,IK Multimedia,Synth,Synth,,Modeled,Modeled,Syntronik,,,Roland Jupiter 8,Syntronik 2,,,,,,
Jup-8 V4,Arturia,Synth,Synth,"Plugin, Standalone",Modeled,Modeled,,4.6.4.6366,"AU, VST3",Roland Jupiter-8,,,,,,,
Syntronik 2 DCO-X,IK Multimedia,Synth,Synth,,Modeled,Modeled,Syntronik,,,"Roland JX-10
Roland JX-3P
Roland JX-8P",Syntronik 2,,,,,,
MK-80 Digital Rhodes,Spectrasonics,Keyboards,Keyboards,,Modeled,Modeled,"Keyscape, Omnisphere",,,Roland MK80 Rhodes,"Eric Persing, Spectrasonics president, was Chief Sound Designer of Roland at the time of MK80's release",,,,,,
MKS-20 Digital Piano,Spectrasonics,Keyboards,Keyboards,,Modeled,Modeled,"Keyscape, Omnisphere",,,Roland MKS20,"Eric Persing, Spectrasonics president, was Chief Sound Designer of Roland at the time of MKS20's release ",,,,,,
Syntronik 2 SH-V,IK Multimedia,Synth,Synth,,Modeled,Modeled,Syntronik,,,"Roland SH-2
Roland SH-5
Roland SH-7",Syntronik 2,,,,,,
Syntronik 2 T-03,IK Multimedia,Synth,Synth,,Modeled,Modeled,Syntronik,,,Roland TB-303,Syntronik 2,,,,,,
Acid V,Arturia,"Bass, Synth","Bass, Synth","Plugin, Standalone","Bass, Modeled","Bass, Modeled",,1.1.5.63.67,"AU, VST3",Roland TB-303,,,,,,,
BFD Sabian Digital Vault,BFD,Drums & Percussion,Drums & Percussion,,"Drums, Modeled","Drums, Modeled",BFD3,,,"Sabian AAX Series Cymbals
Sabian HHX Series Cymbals",BFD3 Expansion,"Diverse collection of cymbals and hihats from Sabian (AAX; HHX) unique stacked cymbal setups, esoteric percussion cymbals and 4 hyper-detailed hihats. Mallet and brush versions
",All genres; Recordings performed by sampling guru John Emrich,,,,
Toy Piano - Glock,Spectrasonics,Keyboards,Keyboards,,Modeled,Modeled,"Keyscape, Omnisphere",,,Schoenhut Glockenspiel Toy Piano,,,,,,,
Chimeatron,Spectrasonics,Keyboards,Keyboards,,Modeled,Modeled,"Keyscape, Omnisphere",,,Schulmerich Bells Chimeatron,SN# 208. (recorded through its original tube amp and speaker),,,,,,
Syntronik 2 Pro-V,IK Multimedia,Synth,Synth,,Modeled,Modeled,Syntronik,,,Sequential Circuits Prophet-5,Syntronik 2,,,,,,
Prophet-5 V,Arturia,Synth,Synth,"Plugin, Standalone",Modeled,Modeled,,1.3.5.6366,"AU, VST3",Sequential Circuits Prophet-5,,,,,,,
Syntronik Pro-VS,IK Multimedia,Synth,Synth,,Modeled,Modeled,Syntronik,,,Sequential Circuits Prophet-VS,,,,,,,
Prophet-VS V,Arturia,Synth,Synth,"Plugin, Standalone",Modeled,Modeled,,1.3.4.6366,"AU, VST3",Sequential Circuits Prophet-VS,,,,,,,
Celeste,Spectrasonics,Keyboards,Keyboards,,Modeled,Modeled,"Keyscape, Omnisphere",,,Simone Brothers Celeste,,,,,,,
BFD Modern Retro,BFD,Drums & Percussion,Drums & Percussion,,"Drums, Modeled","Drums, Modeled",BFD3,,,"Sonor Designer 
Tama Starclassic",BFD3 Expansion; produced and recorded by Chocolate Audio,"70 instruments; 1997 Sonor Designer and Tama Starclassic Kit; Ludwig, Sonor and Tama Snares; Zildjian, Ufip, Paiste, Turkish, Sabian hats/cymbals; hotrod, brush, kick beater (felt and plastic)","2 kits that defined the sound of the 1990s and early 2000s. Kick recorded with 4 direct mics!The lush ambience of the recording space is captured with 2 sets of overhead and room mics. Designed to offer a variety of pop/rock-oriented sounds although the pack is perfect for all modern genres that demand detailed, focused and powerful-sounding drums.
",,,,
Hamburg Grand S274,IK Multimedia,Keyboards,Keyboards,,Modeled,Modeled,Pianoverse,,,Steinway Hamburg D-274,Steinway & Sons,,,,,,
NY Grand S274,IK Multimedia,Keyboards,Keyboards,,Modeled,Modeled,Pianoverse,,,Steinway New York D-274,Steinway & Sons,,,,,,
Ravel Grand Piano,Universal Audio,Keyboards,Keyboards,Plugin,Modeled,Modeled,,1.4.16,UADx,Steinway Model B,,,,,,,
Bubinga,IK Multimedia,Drums & Percussion,Drums & Percussion,,"Drums, Modeled","Drums, Modeled",MODO Drums,,,Tama Starclassic Bubinga,,7-piece set,,,,,
Vintage Vibe Electric Piano,Spectrasonics,Keyboards,Keyboards,,Modeled,Modeled,"Keyscape, Omnisphere",,,Vintage Vibe Marquis 73,,,,,,,
Vintage Vibe Tine Bass,Spectrasonics,Keyboards,Keyboards,,Modeled,Modeled,"Keyscape, Omnisphere",,,Vintage Vibe Tine Bass,,,,,,,
Vintage Vibe Vibanet,Spectrasonics,Keyboards,Keyboards,,Modeled,Modeled,"Keyscape, Omnisphere",,,Vintage Vibe Vibanet,,,,,,,
VOX Continental V2,Arturia,Keyboards,Keyboards,"Plugin, Standalone",Modeled,Modeled,,2.13.4.6366,"AU, VST3",Vox JMI Vox Continental,,,,,,,
VOX Super Continental,Korg,Keyboards,Keyboards,"Plugin, Standalone",Modeled,Modeled,,1.2.1,"AU, VST3",Vox JMI Vox Continental,,,,,,,
Syntronik Megawave,IK Multimedia,Synth,Synth,,Modeled,Modeled,Syntronik,,,Waldorf Microwave,,,,,,,
Flame Bass,IK Multimedia,Bass,Bass,,"Bass, Modeled","Bass, Modeled",MODO Bass 2,,,Warwick Streamer,(1990s),"4 Strings; Active, Flame BSC + NSC",,,,,
Weltmeister Basset,Spectrasonics,Keyboards,Keyboards,,Modeled,Modeled,"Keyscape, Omnisphere",,,"Weltmeister Basset I
Weltmeister Basset II",,,,,,,
Weltmeister Claviset,Spectrasonics,Keyboards,Keyboards,,Modeled,Modeled,"Keyscape, Omnisphere",,,Weltmeister Claviset,,,,,,,
Wing Upgright Piano,Spectrasonics,Keyboards,Keyboards,,Modeled,Modeled,"Keyscape, Omnisphere",,,Wing & Son Tack Piano,,,,,,,
Wing Tack Piano,Spectrasonics,Keyboards,Keyboards,,Modeled,Modeled,"Keyscape, Omnisphere",,,Wing & Son Upright,,,,,,,
Wurlitzer 140B,Spectrasonics,Keyboards,Keyboards,,Modeled,Modeled,"Keyscape, Omnisphere",,,Wurlitzer 140B,restored by Vintage Vibe,,,,,,
Wurli V3,Arturia,Keyboards,Keyboards,"Plugin, Standalone",Modeled,Modeled,,3.0.4.6366,"AU, VST3",Wurlitzer 200A,,,,,,,
Wurlitzer 200A,Spectrasonics,Keyboards,Keyboards,,Modeled,Modeled,"Keyscape, Omnisphere",,,Wurlitzer 200A,,,,,,,
Electric 200,Waves,Keyboards,Keyboards,"Plugin, Standalone",Modeled,Modeled,,16.7.33,AU,Wurlitzer 200A,,,,,,,
Mini Student Butterfly Piano,Spectrasonics,Keyboards,Keyboards,,Modeled,Modeled,"Keyscape, Omnisphere",,,Wurlitzer Butterfly,,,,,,,
BFD Heavy,BFD,Drums & Percussion,Drums & Percussion,,"Drums, Modeled","Drums, Modeled",BFD3,,,"Yamaha Birch Custom Absolute
Yamaha Recording Custom",BFD3 Expansion,"3 kicks (wood and felt beaters), 9 toms and a bonus reduced-detail Yamaha Jimmy Chamberlin steel-shell snare; (snare and toms have stick and mallets). Rim shots and Rim ckicks",designed for hard rock and metal styles,,,,
LA Custom C7 Grand Piano,Spectrasonics,Keyboards,Keyboards,,Modeled,Modeled,"Keyscape, Omnisphere",,,Yamaha C7,model of custom-modified C7 owned by Jim Wilson ,,,,,,
Grand Piano Y7,IK Multimedia,Keyboards,Keyboards,,Modeled,Modeled,Pianoverse,,,Yamaha C7,,,,,,,
Concert Grand YF3,IK Multimedia,Keyboards,Keyboards,,Modeled,Modeled,Pianoverse,,,Yamaha CFIII,,,,,,,
CP-70 V,Arturia,Keyboards,Keyboards,"Plugin, Standalone",Modeled,Modeled,,1.0.5.6366,"AU, VST3",Yamaha CP-70,,,,,,,
Yamaha CP-70,Spectrasonics,Keyboards,Keyboards,,Modeled,Modeled,"Keyscape, Omnisphere",,,Yamaha CP-70,,,,,,,
Electric Grand 80,Waves,Keyboards,Keyboards,"Plugin, Standalone",Modeled,Modeled,,16.7.33,AU,Yamaha CP-80,,,,,,,
Syntronik 2 V-80,IK Multimedia,Synth,Synth,,Modeled,Modeled,Syntronik,,,"Yamaha CS-01
Yamaha CS-80
Yamaha GX-1",Syntronik 2,,,,,,
CS-80 V4,Arturia,Synth,Synth,"Plugin, Standalone",Modeled,Modeled,,4.3.4.6366,"AU, VST3",Yamaha CS-80,,,,,,,
DX7 V,Arturia,Synth,Synth,"Plugin, Standalone",Modeled,Modeled,,1.13.4.6366,"AU, VST3",Yamaha DX7,,,,,,,
Syntronik GS-V,IK Multimedia,Synth,Synth,,Modeled,Modeled,Syntronik,,,Yamaha GS1,,,,,,,
BFD Jazz Maple,BFD,Drums & Percussion,Drums & Percussion,,"Drums, Modeled","Drums, Modeled",BFD3,,,Yamaha Maple Custom Absolute,BFD3 Expansion,2 kicks; 3 toms; bonus reduced-detail snare; Sabian cymbals,"Maple warmth and sustain; particularly suited to jazz, fusion and funk, it's great for any other musical styles that need expressive and great-sounding drums.",,,,
Grungy,IK Multimedia,Drums & Percussion,Drums & Percussion,,"Drums, Modeled","Drums, Modeled",MODO Drums,,,Yamaha Recording Custom,,4-piece set,,,,,
Rock Custom,IK Multimedia,Drums & Percussion,Drums & Percussion,,"Drums, Modeled","Drums, Modeled",MODO Drums,,,Yamaha Rock Tour Custom,,6-piece set. ,,,,,
Syntronik 2 99,IK Multimedia,Synth,Synth,,Modeled,Modeled,Syntronik,,,Yamaha SY99,Syntronik 2,,,,,,
Studio Bass,IK Multimedia,Bass,Bass,,"Bass, Modeled","Bass, Modeled",MODO Bass 2,,,Yamaha TRB 5P,(1990s/2000s),"5 Strings; Active, Studio BSC + NSC",,,,,
Ample Bass TR6,Ample Sound,Bass,Bass,Plugin,"Bass, Modeled","Bass, Modeled",,4.0.1,"AU, VST3",Yamaha TRBJP2 ,John Pattituci Signature Model,6 Strings,,,,,
Royal Upright Y5,IK Multimedia,Keyboards,Keyboards,,Modeled,Modeled,Pianoverse,,,Yamaha U5,,,,,,,
Sound School Analog,Native Instruments,Synth,Synth,,,,Reaktor,,,,,introductory subtractive analog synth,,,,,
Twin 3,FabFilter,Synth,Synth,Plugin,,,,3.05,"AU, VST3",,,"4 analog-modeled oscillators, 64 voices,",,,,,
Studio Upright,IK Multimedia,Bass,Bass,,Bass,Bass,MODO Bass 2,,,,,4 Strings; Jazz style upright/acoustig,"(jazz, pop, rock ballads) ",,,,
Rockabilly,IK Multimedia,Bass,Bass,,Bass,Bass,MODO Bass 2,,,,,4 Strings; Rockabilly style upright/acoustic ,"(rockabilly) (slap, nylon)  ",,,,
Brit Custom,IK Multimedia,Drums & Percussion,Drums & Percussion,,Drums,Drums,MODO Drums,,,,,"4-piece birch set; cymbal collection that includes: 20” Ride 2022, 18” Crash 2022, 16” Crash 2022 and the new Hi-hat 2022 ",with a warm and rich sound that makes it perfect for music styles like indie-pop and indie-rock. cymbals are famous for their ability to cut through a mix without losing warmth and color.,,,,
Djentleman,IK Multimedia,Drums & Percussion,Drums & Percussion,,Drums,Drums,MODO Drums,,,,,5-piece set,"A deep burst of sound invites you to dive in and explore the depths of this drum set. The biting yet warm notes spoken by this kit create the fundamental expression of the new metal movement, the so-called, “djent genre.”",,,,
Custom Cymbals,IK Multimedia,Drums & Percussion,Drums & Percussion,,Drums,Drums,MODO Drums,,,,,"5-piece set of cymbals: 
Hi-Hat, Crash 16"", Crash 18"", Ride 20"" , China 18""",,,,,
Studio,IK Multimedia,Drums & Percussion,Drums & Percussion,,Drums,Drums,MODO Drums,,,,,6-piece set. ,"Focused, versatile and punchy, this production champion has been featured on countless records. Starting life in the mid-1970s, it set a new studio standard by the early 1980s with piano lacquered all-birch shells and full-length flush-braced lugs.",,,,
Double Felt Grand,Spectrasonics,Keyboards,Keyboards,,,,"Keyscape, Omnisphere",,,,,7-foot grand piano,"""Felt"" piano sound is achieved by draping a layer of felt vertically between the strings and hammers of an upright. his softens the strikes and gives the upright piano an intimate, muted tone. (Jim Wilson figured out how to do this on a grand piano)",,,,
Metal,IK Multimedia,Drums & Percussion,Drums & Percussion,,Drums,Drums,MODO Drums,,,,,8-piece set; Custom cymbal collection that includes 6 custom-made cymbals,"Characterized by a dark and fat color, making it perfect for genres that need a punchy rhythm section like metal and even more aggressive styles. Cymbals perfectly match and complete the shells’ tonality.",,,,
Extreme,IK Multimedia,Drums & Percussion,Drums & Percussion,,Drums,Drums,MODO Drums,,,,,8-piece set,"This modern classic is a symbol of legendary 80s and 90s metal bands. With specifically crafted shells, it offers a sound that harkens back to the robust tones of vintage drums but with a more contemporary attack, greater projection and consistent timbre.",,,,
Sum Synth,Native Instruments,Synth,Synth,,,,Reaktor,,,,,additive synth,,,,,
CODEX,Waves,Synth,Synth,"Plugin, Standalone",,,,16.7.33,AU,,,Advanced polyphonic granular wavetable synthesizer,,,,,
Omni Vocal Beta,Yamaha,"Vocal, Synth","Synth, Vocal",Plugin,,,,1.06,VST3,,AI-powered vocal synthesis plugin developed by Yamaha and exclusively integrated into Steinberg Cubase 15. It allows users to generate realistic human singing by simply entering notes and lyrics directly into the Cubase Key Editor,,,,,,
Equinoxe Deluxe,Native Instruments,Synth,Synth,,,,Reaktor,,,,,analogue synth,,,,,
Space Drone,Native Instruments,Pads & Textures,Pads & Textures,,,,Reaktor,,,,,atmospheric pads,,,,,
Nanowave,Native Instruments,Synth,Synth,,,,Reaktor,,,,,based on classic PPG / Waldorf WaveTable synths,,,,,
Photone,Native Instruments,Synth,Synth,,,,Reaktor,,,,,basic subtractive synth,,,,,
Grobian,Native Instruments,"Bass, Synth","Bass, Synth",,Bass,Bass,Reaktor,,,,,bass synth,,,,,
Sinebeats 2,Native Instruments,Rhythm,Rhythm,,,,Reaktor,,,,,beat box,,,,,
BFD Jazz & Funk,BFD,Drums & Percussion,Drums & Percussion,,Drums,Drums,BFD3,,,,BFD3 Expansion,"Centred around 3 exquisitely recorded kits and a wide range of hyper-detailed extras, most of the instruments are provided in stick and brush versions with selected pieces also played with mallets, rods and even hands! ","Recorded in a dry, intimate sounding room at Omega Studios, Maryland, USA, (jazz, funk, pop, soul, hip-hop, R&B, blues, country, fusion, folk, rock and far beyond.)",,,,
BFD Metal Snares,BFD,Drums & Percussion,Drums & Percussion,,Drums,Drums,BFD3,,,,BFD3 Expansion,"5 snares with different materials, shell thickness, depth, and diameter for wide array of sounds","Metal shells are desired for their brighter, louder sound with increased overtones.

Each snare drum was recorded with 2 top mics, 1 bottom mic and 1 side mic, along with mono room, ribbon room, and far room ambience channels. We added 2 stereo reverb channels to achieve a massive sound. From Brass to Bronze, Steel to Aluminum, these metal drums are full of character offering huge sounds that punch through the mix.",,,,
BFD Modern Drummer Snare Selects,BFD,Drums & Percussion,Drums & Percussion,,Drums,Drums,BFD3,,,,BFD3 Expansion,12 premium and boutique snares; all awarded 'Snare Drum of the Month' status by Modern Drummer magazine and represent some of today's most cutting-edge metal and wood shell designs. ,"Recorded with expressive detail levels, the instruments are all provided in snares-on versions along with selected alternate sounds with brushes, rods, hands and with snares off.",,,,
BFD Orchestral,BFD,Drums & Percussion,Drums & Percussion,,Drums,Drums,BFD3,,,,BFD3 Expansion,"variety of orchestral bass drums, snares and hand cymbals alongside chromatically tuned timpani and concert chimes which are sampled over 1.5 octaves and perfect for unusual melodic lines. suspended cymbals with huge decays due to the lack of a stand to dampen vibrations.",unique set of concert percussion; perfect for film / commercial composition as well as progressive music production and creative sound design. ,,,,
BFD Virtually Erskine,BFD,Drums & Percussion,Drums & Percussion,,Drums,Drums,BFD3,,,,BFD3 Expansion,"15GB of highly detailed instruments; 2 DW kits; Zildjian cymbals. Stick and brush versions
","Performed by Peter Erskine (played w/ some of the biggest names in jazz, pop and rock such as Weather Report, Steely Dan, Joni Mitchell and Kate Bush) his drum sound and groove are perpetually in demand. Recordings performed by sampling guru John Emrich. particularly suitable for jazz, pop, rock and fusion.",,,,
Analog Lab V,Arturia,Container,Container,"Plugin, Standalone",,,,5.12.2.6463,"AU, VST3",,Central Hub for Arturia V Collection,,,,,,
2-Osc,Native Instruments,Synth,Synth,,,,Reaktor,,,,,classic subtractive synth (oscillator - filter - effect) ,,,,,
Carbon ,Native Instruments,Synth,Synth,,,,Reaktor,,,,,classic subtractive synth (oscillator - filter - effect) ,,,,,
Carbon 2,Native Instruments,Synth,Synth,,,,Reaktor,,,,,classic subtractive synth (oscillator - filter - effect) ,,,,,
LegacyCell,Korg,Container,Container,"Plugin, Standalone",,,,"1.4.2 (AU)
1.8.0 (VST3)","AU, VST3",,Combines MS-20 and Polysix,,,,,,
Atmotion,Native Instruments,Pads & Textures,Pads & Textures,,,,Reaktor,,,,creates moving sounds (pads / atmospheres / special effects) ,,,,,,
CR8 Sampler,Waves,Sampling,Sampling,"Plugin, Standalone",,,,16.7.33,AU,,creative sampler,,,,,,
PolyMAX Synth,Universal Audio,Synth,Synth,Plugin,,,,1.0.16,UADx,,,"derived from ""golden age of polysynthesis"" (Jupiters, Oberheims, Prophets)",,,,,
Oki Computer 2,Native Instruments,Synth,Synth,,,,Reaktor,,,,,digital lo-fi wavetable synth,,,,,
Groove agent SE,Steinberg,"Rhythm, Drums & Percussion, Sound Design","Drums & Percussion, Rhythm, Sound Design","Plugin, Standalone",Drums,Drums,,6.0.10,"AU, VST3",,,drum production sampler and synth,,,,,
Backbone,Steinberg,"Rhythm, Drums & Percussion, Sound Design","Drums & Percussion, Rhythm, Sound Design",Plugin,Drums,Drums,,1.6.10,"AU, VST3",,,Drum Re-Synthesizer w/ Effects; DrumGAN allows you to create your own drum sounds,,,,,
Memory Drum 2,Native Instruments,"Sampling, Drums & Percussion, Rhythm","Drums & Percussion, Rhythm, Sampling",,Drums,Drums,Reaktor,,,,,drum sampler ,,,,,
Battery 4,Native Instruments,Rhythm,Rhythm,"Plugin, Standalone",,,,4.3.1,VST3,,143 kits in Battery Factory Library,drum sampler w/ effects,"electronic, hip hop",,,,
Aerobic,Native Instruments,"Drums & Percussion, Rhythm","Drums & Percussion, Rhythm",,Drums,Drums,Reaktor,,,,,drum synth / step sequencer,,,,,
Lurker,Native Instruments,"Rhythm, Sound Design","Rhythm, Sound Design",,,,Reaktor,,,,,effects; rhythm and sequence maker,,,,,
Piano V3,Arturia,Keyboards,Keyboards,"Plugin, Standalone",,,,3.3.4.6366,"AU, VST3",,,"Emulates 12 different types of acoustic pianos [ American Grand, German Grand, Japanese Grand, Pop Grand, Classical Upright, Jazz Upright, Pop Upright, Piano-bar Upright, Plucked Grand, Tack Upright, Glass Grand, Metal Grand]",,,,,
SQX,Native Instruments,"Rhythm, Drums & Percussion, Synth","Drums & Percussion, Rhythm, Synth",,Drums,Drums,Reaktor,,,,,ensemble sequencer,,,,,
Gaugear,Native Instruments,Synth,Synth,,,,Reaktor,,,,,experimental monophonic synth,,,,,
FM4,Native Instruments,Synth,Synth,,,,Reaktor,,,,,FM synth,,,,,
FM8,Native Instruments,Synth,Synth,"Plugin, Standalone",,,,1.4.6+3,VST3,,,FM-based Synthesizer,,,,,
Flow Motion,Waves,Synth,Synth,"Plugin, Standalone",,,,16.7.33,AU,,,FM-based Synthesizer,,,,,
Krypt,Native Instruments,"Drums & Percussion, Synth, Rhythm","Drums & Percussion, Rhythm, Synth",,Drums,Drums,Reaktor,,,,,granular synth / sequencer (Drum machine) ,,,,,
Padshop,Steinberg,"Pads & Textures, Sound Design","Pads & Textures, Sound Design",Plugin,,,,2.2.0,"AU, VST3",,,"Granular synthesizer (ambient soundscapes, cinematic stextures, experimental sound design) ",,,,,
Travelizer,Native Instruments,Sound Design,Sound Design,,,,Reaktor,,,,,granular texture maker ,,,,,
SQ 8x8,Native Instruments,Rhythm,Rhythm,,,,Reaktor,,,,,grid based step sequencer,,,,,
Maschine 3,Native Instruments,"Rhythm, Sampling, Synth, Bass","Bass, Rhythm, Sampling, Synth","Plugin, Standalone",Bass,Bass,,3.4.1,VST3,,,"groovebox and sampler. Drum, Bass and Poly Synths, w/ effects",,,,,
BFD Dark Farm,BFD,Drums & Percussion,Drums & Percussion,,Drums,Drums,BFD3,,,,BFD3 Expansion,"(3) Drum kits, including an all-copper kit by Q Drum Co. (11) Cymbals (3) Additional snare drums and (3) additional kick drums (11) Mix-ready presets (7) Groove Palettes and (287) individual Grooves","ideal for heavy metal, hard rock, and all forms of heavy or aggressive music Recorded at Middle Farm Studios, world-renowned for their punchy live room ",,,,
Resochord,Native Instruments,"Strings, Synth, Pipes","Pipes, Strings, Synth",,,,Reaktor,,,,,"Harmonic emulation, strings, pipes",,,,,
BFD Heavy Rock Classics,BFD,Drums & Percussion,Drums & Percussion,,Drums,Drums,BFD3,,,,BFD3 Expansion,,authentic drum part recreations from all-time classics of the heavy rock genre,,,,
Akkord,Native Instruments,Synth,Synth,,,,Reaktor,,,,,hybrid additive / FM synth,,,,,
Pigments,Arturia,"Sampling, Synth","Sampling, Synth","Plugin, Standalone",,,,7.0.0.6447,"AU, VST3",,,"hybrid synth (analog, Wavetable, Harmonic, Modal, Sample) ",,,,,
Opal Morphing Synth,Universal Audio,Synth,Synth,Plugin,,,,1.3.16,UADx,,,hybrid Synthesis Engine,,,,,
BFD 3 Core,BFD,Drums & Percussion,Drums & Percussion,,Drums,Drums,BFD3,,,,,,,,,,
BFD JM Essentials Vol. 2,BFD,Drums & Percussion,Drums & Percussion,,Drums,Drums,BFD3,,,,BFD3 Expansion,,"realistic set of reggae, funk, disco, swing, rockabilly, nu-metal and punk patterns",,,,
Kaleidon,Native Instruments,Synth,Synth,,,,Reaktor,,,,,"largest synth in Reaktor library (Carbon's ""big brother"")",,,,,
Scenario,Native Instruments,"Drums & Percussion, Rhythm","Drums & Percussion, Rhythm",,Drums,Drums,Reaktor,,,,,live performance drum machine,,,,,
Pure LOFI,Arturia,"Sampling, Synth","Sampling, Synth","Plugin, Standalone",,,,1.0.1.6372,"AU, VST3",,,"Low-fidelity synthesizer Blend acoustic samples and digital oscillators, apply the charm of vintage samplers and dial in instant degradation with a powerful LoFi processor – embrace sonic imperfection.",,,,,
Spiral,Native Instruments,Synth,Synth,,,,Reaktor,,,,,MIDI instrument,,,,,
Green Matrix,Native Instruments,Synth,Synth,,,,Reaktor,,,,,MIDI playable brother of Blue Matrix (analog-style synth engine) ,,,,,
Bass Fingers,Waves,Bass,Bass,"Plugin, Standalone",Bass,Bass,,16.7.33,AU,,,MIDI Synth Bass (Samples) focused on accurate fingerstyle performance,,,,,
Bass Slapper,Waves,Bass,Bass,"Plugin, Standalone",Bass,Bass,,16.7.33,AU,,,MIDI Synth Bass (Samples) focused on accurate slapping performance,,,,,
BFD Modern Rock Grooves,BFD,Drums & Percussion,Drums & Percussion,,Drums,Drums,BFD3,,,,BFD3 Expansion,, inspirational and heavy beats for a variety of rock genres,,,,
Lazerbass,Native Instruments,"Bass, Synth","Bass, Synth",,Bass,Bass,Reaktor,,,,,monophonic bass synth,,,,,
GoBox,Native Instruments,Sampling,Sampling,,,,Reaktor,,,,,monophonic sampler,,,,,
Subharmonic,Native Instruments,Pads & Textures,Pads & Textures,,,,Reaktor,,,,,pads / atmospheres; thick monophonic leads,,,,,
Steam Pipe,Native Instruments,"Synth, Strings, Pipes, Sound Design","Pipes, Sound Design, Strings, Synth",,,,Reaktor,,,,,"physical modeling synth (models air blown through tunable pipe, plucked sounds) ",,,,,
Steam Pipe 2,Native Instruments,"Synth, Strings, Pipes, Sound Design","Pipes, Sound Design, Strings, Synth",,,,Reaktor,,,,,"physical modeling synth (models air blown through tunable pipe, plucked sounds) ",,,,,
Titan,Native Instruments,Synth,Synth,,,,Reaktor,,,,,powerful 3 independent oscillator synth,,,,,
Dulcitone,Spectrasonics,Keyboards,Keyboards,,,,"Keyscape, Omnisphere",,,,,Predecessor to Celeste and Rhodes. (Invented in Scotland in 1860),,,,,
BFD JM Essentials Vol. 1,BFD,Drums & Percussion,Drums & Percussion,,Drums,Drums,BFD3,,,,BFD3 Expansion,,"Produced by vastly experienced composer Jacques Mathias, contains varied, expressive patterns that cover genres such as rock, hard rock, alt-rock, heavy metal, trash metal and pop-punk.",,,,
Vierring,Native Instruments,Rhythm,Rhythm,,,,Reaktor,,,,,rhythm generator,,,,,
SQP,Native Instruments,Synth,Synth,,,,Reaktor,,,,,roll-style sequencer,,,,,
Vectory,Native Instruments,"Sampling, Synth","Sampling, Synth",,,,Reaktor,,,,,sample destruction unit,,,,,
Splitter,Native Instruments,Sampling,Sampling,,,,Reaktor,,,,,Sample player,,,,,
Augmented BRASS,Arturia,Brass,Brass,"Plugin, Standalone",,,,2.0.2.6369,"AU, VST3",,,"sampled brass, or synth (Analog, Wavetable, Granular, Simpler, Harmonic)",,,,,
Augmented GRAND PIANO,Arturia,Keyboards,Keyboards,"Plugin, Standalone",,,,2.0.2.6369,"AU, VST3",,,"sampled piano, or synth (Analog, Wavetable, Granular, Simpler, Harmonic)",,,,,
Augmented STRINGS,Arturia,Strings,Strings,"Plugin, Standalone",,,,2.0.2.6369,"AU, VST3",,,"sampled strings, or synth (Analog, Wavetable, Granular, Simpler, Harmonic)",,,,,
Augmented VOICES,Arturia,Vocal,Vocal,"Plugin, Standalone",Voice,Voice,,2.0.2.6369,"AU, VST3",,,"sampled voices, or synth (Analog, Wavetable, Granular, Simpler, Harmonic)",,,,,
Augmented WOODWINDS,Arturia,Woodwinds,Woodwinds,"Plugin, Standalone",,,,2.0.2.6369,"AU, VST3",,,"sampled woodwinds, or synth (Analog, Wavetable, Granular, Simpler, Harmonic)",,,,,
Beat Splicer 2,Native Instruments,Sampling,Sampling,,,,Reaktor,,,,,sampler,,,,,
Limelite,Native Instruments,Sampling,Sampling,,,,Reaktor,,,,,samples / sequencer,,,,,
Massive 1.1,Native Instruments,"Synth, Sampling","Sampling, Synth",,,,Reaktor,,,,,samples; signal shaping; powerful step sequencer,,,,,
Absynth 6,Native Instruments,Synth,Synth,"Plugin, Standalone",,,,6.0.2,"AU, VST3",,,Semi-modular synthesizer,,,,,
L3,Native Instruments,"Drums & Percussion, Synth, Rhythm","Drums & Percussion, Rhythm, Synth",,Drums,Drums,Reaktor,,,,,sequenced drum loop recycler,,,,,
Rhythmmaker,Native Instruments,"Drums & Percussion, Rhythm","Drums & Percussion, Rhythm",,Drums,Drums,Reaktor,,,,,sequenced drum machine,,,,,
BlueMatrix,Native Instruments,Synth,Synth,,,,Reaktor,,,,,sequenced synth w/ analog-style sound engine,,,,,
Random Step Shifter,Native Instruments,Sampling,Sampling,,,,Reaktor,,,,,sequencer / sampler,,,,,
Newscool,Native Instruments,Synth,Synth,,,,Reaktor,,,,,sequencer based on John Conway's Life Model (1970s) ,,,,,
One,FabFilter,Synth,Synth,Plugin,,,,3.50,"AU, VST3",,,"Single Oscillator synthesizer, based on classics ""like"" Korg MS-10",,,,,
Massive,Native Instruments,Synth,Synth,"Plugin, Standalone",,,,1.7.0,VST3,,,sound creation synthesis engine,,,,,
Massive X,Native Instruments,Synth,Synth,Plugin,,,,1.6.1,"AU, VST3",,,sound creation synthesis engine,,,,,
Metaphysical Function,Native Instruments,Sound Design,Sound Design,,,,Reaktor,,,,,,,,,,
Skrewell,Native Instruments,Sound Design,Sound Design,,,,Reaktor,,,,,,,,,,
BFD Stanton Moore Grooves,BFD,Drums & Percussion,Drums & Percussion,,Drums,Drums,BFD3,,,,BFD3 Expansion,,"300 funk patterns; intended to accompany BFD Standon Moore Cymbals, but works w/ any BFD Kit (Kick, snare, hihat and cymabls); New Orleans style funk",,,,
SQ16,Native Instruments,Rhythm,Rhythm,,,,Reaktor,,,,,step sequencer,,,,,
SQ8 ,Native Instruments,Rhythm,Rhythm,,,,Reaktor,,,,,step sequencer,,,,,
Element,Waves,Synth,Synth,"Plugin, Standalone",,,,16.7.33,AU,,,subtractive polyphonic virtual analog synthesizer,,,,,
Duo Combination,Spectrasonics,"Keyboards, Container","Container, Keyboards",,,,"Keyscape, Omnisphere",,,,"Collection of ""combinatons"" of 2 Keyscape patches",,,,,,
BFD Vintage Rock Grooves,BFD,Drums & Percussion,Drums & Percussion,,Drums,Drums,BFD3,,,,BFD3 Expansion,,inspired by 60's/70's classic rock,,,,
Retrologue,Steinberg,Synth,Synth,Plugin,,,,2.4.0,"AU, VST3",,,"Virtual analog synth [classic bass, lead arpeggiation ]",,,,,
Reaktor 6,Native Instruments,Container,Container,"Plugin, Standalone",,,,6.5.0,VST3,,,virtual instrument and effects creation tool,,,,,
HALion Sonic,Steinberg,Synth,Synth,"Plugin, Standalone",,,,7.1.50,"AU, VST3",,,Virtual instrument workstation,,,,,
Syntronik 2,IK Multimedia,Container,Container,"Plugin, Standalone",,,,2.1.3,"AU, VST3",,,Virtual synth suite,,,,,
Ample Bass U,Ample Sound,Bass,Bass,Plugin,Bass,Bass,,4.0.1,"AU, VST3",,,Virtual Upright Bass,,,,,
BFD Virtually Erskine Grooves,BFD,Drums & Percussion,Drums & Percussion,,Drums,Drums,BFD3,,,,BFD3 Expansion,,400 patterns performed by Peter Erskine. Intended for Virtually Erskine expansion; but can be used w/ any BFD kit. ,,,,
VSM IV,GForce,"Synth, Strings, Pads & Textures","Pads & Textures, Strings, Synth","Plugin, Standalone",,,,1.0.0,"AU, VST3",,,"VSM (Virtual String Machine) Includes sounds from 46 classic and rare machines ARP: Omni, Omni II, Quartet, Quadra
Crumar: Multiman, Trilogy
Elka: Rhapsody (49 and 610), Streicher
Eminent/Solina: Eminent 310, Solina String Ensemble, Solina Stereo
Korg: PE-2000, Lambda
Logan: String Melody, String Melody II
Moog: Opus 3, Polymoog
Oberheim: OB-8, OB-12, Xpander
Roland: Juno 106, JP-6, JP-8000, RS-202, RS-505, VP-330
Yamaha: CE-25, CS-60, CS-80, GX-1, SK-15, SS-30, SY-2
Other/Rare: Clef, Elektronika, Farfisa, Firstman, Freeman String Symphonizer, Godwin, Hohner K4, Jen SX2007, Junost 21, Orchestron, Philicorda, Sequential Prelude, Teisco ",,,,,
WaveWeaver,Native Instruments,Synth,Synth,,,,Reaktor,,,,,wavetable synth,,,,,
BFD Dan Foord Polyrhythmic Metal,BFD,Drums & Percussion,Drums & Percussion,,Drums,Drums,BFD3,,,,Dan Foord,,Modern tech model. Polyrhythms form the basis of this style and 3 over 4 most of all. Most comprehensive set of 3 over 4 polyrhythmic grooves and fills. ,,,,
Vocoder V,Arturia,Synth,Synth,"Plugin, Standalone",Voice,Voice,,1.6.5.6366,"AU, VST3",,(1970s/1980s),,,,,,
Atmosphere Library,Spectrasonics,"Bass, Drums & Percussion, Pads & Textures, Strings, Rhythm, Synth, Keyboards","Bass, Drums & Percussion, Keyboards, Pads & Textures, Rhythm, Strings, Synth",,,,Omnisphere,,,,(Legacy) NOTE: (Various models on patch by patch basis),,,,,,
Hardware Library,Spectrasonics,"Bass, Drums & Percussion, Pads & Textures, Strings, Rhythm, Synth, Keyboards","Bass, Drums & Percussion, Keyboards, Pads & Textures, Rhythm, Strings, Synth",,,,Omnisphere,,,,(Legacy) NOTE: (Various models on patch by patch basis),,,,,,
Omnisphere Library,Spectrasonics,"Bass, Brass, Drums & Percussion, Guitars, Keyboards, Pads & Textures, Pipes, Rhythm, Sound Design, Strings, Synth, World Instruments, Woodwinds, Vocal","Bass, Brass, Drums & Percussion, Guitars, Keyboards, Pads & Textures, Pipes, Rhythm, Sound Design, Strings, Synth, Vocal, Woodwinds, World Instruments",,,,Omnisphere,,,,(Legacy) NOTE: (Various models on patch by patch basis),,,,,,
Spotlight EDM,Spectrasonics,"Bass, Pads & Textures, Keyboards, Synth, Strings, Rhythm","Bass, Keyboards, Pads & Textures, Rhythm, Strings, Synth",,,,Omnisphere,,,,(Legacy) NOTE: (Various models on patch by patch basis),,,,,,
Toy Piano - Classic,Spectrasonics,Keyboards,Keyboards,,,,"Keyscape, Omnisphere",,,,1930's toy piano created by Alice Bennett based on Schoenhut Toy PIanos from 1800s Germany,,,,,,
Augmented MALLETS,Arturia,Drums & Percussion,Drums & Percussion,"Plugin, Standalone",Drums,Drums,,2.0.2.6369,"AU, VST3",,,,,,,,
Augmented YANGTZE,Arturia,World Instruments,World Instruments,"Plugin, Standalone",,,,2.0.2.6369,"AU, VST3",,,,,,,,
BFD3,BFD,"Drums & Percussion, Container","Container, Drums & Percussion",Plugin,Drums,Drums,,3.5.0,"AU, VST3",,,,,,,,
MODO Bass 2,IK Multimedia,Container,Container,"Plugin, Standalone",,,,2.0.4,"AU, VST3",,,,,,,,
MODO Drum,IK Multimedia,Container,Container,"Plugin, Standalone",,,,1.5.0,"AU, VST3",,,,,,,,
Pianoverse,IK Multimedia,Container,Container,"Plugin, Standalone",,,,1.0.11,"AU, VST3",,,,,,,,
SampleTank 4,IK Multimedia,Container,Container,"Plugin, Standalone",,,,,,,,,,,,,
Kontakt 7,Native Instruments,Container,Container,"Plugin, Standalone",,,,7.10.9,"AU, VST3",,,,,,,,
Kontakt 8,Native Instruments,Container,Container,"Plugin, Standalone",,,,8.8.0,"AU, VST3",,,,,,,,
Soundpaint,Soundpaint,Container,Container,"Plugin, Standalone",,,,4.5.0,"AU, VST3",,,,,,,,
Clavichord,Spectrasonics,Keyboards,Keyboards,,,,"Keyscape, Omnisphere",,,,,,,,,,
Dolceola,Spectrasonics,Keyboards,Keyboards,,,,"Keyscape, Omnisphere",,,,,,,,,,
Ambient Dreams,Spectrasonics,"Bass, Drums & Percussion, Guitars, Keyboards, Pads & Textures, Rhythm, Strings, Synth, Vocal, Woodwinds","Bass, Drums & Percussion, Guitars, Keyboards, Pads & Textures, Rhythm, Strings, Synth, Vocal, Woodwinds",,,,Omnisphere,,,,,,,,,,
Analog Vibes,Spectrasonics,"Bass, Drums & Percussion, Keyboards, Pads & Textures, Strings, Synth, Vocal, Rhythm","Bass, Drums & Percussion, Keyboards, Pads & Textures, Rhythm, Strings, Synth, Vocal",,,,Omnisphere,,,,,,,,,,
Classic Digital,Spectrasonics,"Bass, Drums & Percussion, Keyboards, Pads & Textures, Synth, Vocal, Woodwinds, Rhythm","Bass, Drums & Percussion, Keyboards, Pads & Textures, Rhythm, Synth, Vocal, Woodwinds",,,,Omnisphere,,,,,,,,,,
Club Land,Spectrasonics,"Bass, Drums & Percussion, Pads & Textures, Rhythm, Synth","Bass, Drums & Percussion, Pads & Textures, Rhythm, Synth",,,,Omnisphere,,,,,,,,,,
Electric Underground,Spectrasonics,"Bass, Drums & Percussion, Keyboards, Pads & Textures, Rhythm, Strings, Synth, Vocal, Woodwinds","Bass, Drums & Percussion, Keyboards, Pads & Textures, Rhythm, Strings, Synth, Vocal, Woodwinds",,,,Omnisphere,,,,,,,,,,
Electronic Production,Spectrasonics,"Bass, Drums & Percussion, Keyboards, Pads & Textures, Rhythm, Strings, Synth, Vocal, Woodwinds","Bass, Drums & Percussion, Keyboards, Pads & Textures, Rhythm, Strings, Synth, Vocal, Woodwinds",,,,Omnisphere,,,,,,,,,,
Experimental Organic,Spectrasonics,"Synth, Pads & Textures, Rhythm, Strings, Vocal, Woodwinds","Pads & Textures, Rhythm, Strings, Synth, Vocal, Woodwinds",,,,Omnisphere,,,,,,,,,,
Hard Edges,Spectrasonics,"Bass, Drums & Percussion, Pads & Textures, Synth","Bass, Drums & Percussion, Pads & Textures, Synth",,,,Omnisphere,,,,,,,,,,
Instruments Collection,Spectrasonics,"Drums & Percussion, Guitars, Keyboards, Pads & Textures, Rhythm, Strings, Woodwinds","Drums & Percussion, Guitars, Keyboards, Pads & Textures, Rhythm, Strings, Woodwinds",,,,Omnisphere,,,,,,,,,,
Live Keyboardist,Spectrasonics,"Guitars, Keyboards, Pads & Textures, Strings, Synth, Woodwinds, Vocal","Guitars, Keyboards, Pads & Textures, Strings, Synth, Vocal, Woodwinds",,,,Omnisphere,,,,,,,,,,
Organic Vibes,Spectrasonics,"Keyboards, Pads & Textures, Rhythm, Synth, Woodwinds","Keyboards, Pads & Textures, Rhythm, Synth, Woodwinds",,,,Omnisphere,,,,,,,,,,
Retro Vibes,Spectrasonics,"Bass, Drums & Percussion, Keyboards, Pads & Textures, Guitars, Rhythm, Strings, Vocal, Woodwinds","Bass, Drums & Percussion, Guitars, Keyboards, Pads & Textures, Rhythm, Strings, Vocal, Woodwinds",,,,Omnisphere,,,,,,,,,,
Scoring Electronic,Spectrasonics,"Bass, Guitars, Keyboards, Pads & Textures, Rhythm, Strings, Synth, Drums & Percussion","Bass, Drums & Percussion, Guitars, Keyboards, Pads & Textures, Rhythm, Strings, Synth",,,,Omnisphere,,,,,,,,,,
Scoring Organic,Spectrasonics,"Guitars, Keyboards, Pads & Textures, Rhythm, Strings, Synth, Drums & Percussion","Drums & Percussion, Guitars, Keyboards, Pads & Textures, Rhythm, Strings, Synth",,,,Omnisphere,,,,,,,,,,
SFX Electronic,Spectrasonics,"Drums & Percussion, Synth, Pads & Textures","Drums & Percussion, Pads & Textures, Synth",,,,Omnisphere,,,,,,,,,,
SFX Organic,Spectrasonics,"Drums & Percussion, Synth, Pads & Textures, Guitars, Keyboards, Rhythm, Vocal, Woodwinds","Drums & Percussion, Guitars, Keyboards, Pads & Textures, Rhythm, Synth, Vocal, Woodwinds",,,,Omnisphere,,,,,,,,,,
Vocal Collection,Spectrasonics,"Bass, Synth, Keyboards, Pads & Textures, Vocal","Bass, Keyboards, Pads & Textures, Synth, Vocal",,,,Omnisphere,,,,,,,,,,
Warm Tones,Spectrasonics,"Bass, Guitars, Keyboards, Pads & Textures, Rhythm, Strings, Synth","Bass, Guitars, Keyboards, Pads & Textures, Rhythm, Strings, Synth",,,,Omnisphere,,,,,,,,,,
Keyscape,Spectrasonics,Keyboards,Keyboards,"Plugin, Standalone",,,,1.5.2,"AU, VST3",,,,,,,,
Omnisphere,Spectrasonics,Container,Container,"Plugin, Standalone",,,,3.0.1c,"AU, VST3",,,,,,,,
BBC Symphony Orchestra,Spitfire Audio,"Brass, Drums & Percussion, Strings, Vocal, Woodwinds","Brass, Drums & Percussion, Strings, Vocal, Woodwinds",Plugin,"Drums, Voice","Drums, Voice",,1.11.6,"AU, VST3",,,,,,,,
Hammers,Spitfire Audio,"Rhythm, Sound Design, Drums & Percussion, Keyboards","Drums & Percussion, Keyboards, Rhythm, Sound Design","Plugin, Standalone",Drums,Drums,,1.1.22,"AU, VST3",,,,,,,,
Shakespeare's Church Organ,Spitfire Audio,Keyboards,Keyboards,"Plugin, Standalone",,,,1.0.12,"AU, VST3",,,,,,,,
Tenebra by The Newton Brothers,Spitfire Audio,"Sound Design, Pads & Textures","Pads & Textures, Sound Design","Plugin, Standalone",,,,1.0.1,"AU, VST3",,,,,,,,
Drum Machine,Steinberg,Drums & Percussion,Drums & Percussion,,,,Cubase,,,,,,,,,,
Superior Drummer 3,Toontrack,"Drums & Percussion, Container","Container, Drums & Percussion","Plugin, Standalone",Drums,Drums,,3.4.2,"AU, VST3",,,,,,,,
Anthem Synth,Universal Audio,Synth,Synth,Plugin,,,,1.0.2,UADx,,,,,,,,
ARP ,Universal Audio,Synth,Synth,Plugin,,,,1.1.4,UADx,,,,,,,,
Chamber Strings - Basses,Universal Audio,Strings,Strings,Plugin,,,,1.0.0,UADx,,,,,,,,
Chamber Strings - Celli,Universal Audio,Strings,Strings,Plugin,,,,1.0.0,UADx,,,,,,,,
Chamber Strings - Violas,Universal Audio,Strings,Strings,Plugin,,,,1.0.0,UADx,,,,,,,,
Chamber Strings - Violins 1,Universal Audio,Strings,Strings,Plugin,,,,1.0.0,UADx,,,,,,,,
Chamber Strings - Violins 2,Universal Audio,Strings,Strings,Plugin,,,,1.0.0,UADx,,,,,,,,
Shape,Universal Audio,Rhythm,Rhythm,Plugin,,,,1.1.4,UADx,,,,,,,,
Shape Expansion,Universal Audio,Rhythm,Rhythm,Plugin,,,,1.1.4,UADx,,,,,,,,
Symphonic Brass  - Tuba Solo,Universal Audio,Brass,Brass,Plugin,,,,1.0.0,UADx,,,,,,,,
Symphonic Brass - Bass Trombones a2,Universal Audio,Brass,Brass,Plugin,,,,1.0.0,UADx,,,,,,,,
Symphonic Brass - Horn Solo,Universal Audio,Brass,Brass,Plugin,,,,1.0.0,UADx,,,,,,,,
Symphonic Brass - Horns a2,Universal Audio,Brass,Brass,Plugin,,,,1.0.0,UADx,,,,,,,,
Symphonic Brass - Tenor Trombone Solo,Universal Audio,Brass,Brass,Plugin,,,,1.0.0,UADx,,,,,,,,
Symphonic Brass - Tenor Trombones a2,Universal Audio,Brass,Brass,Plugin,,,,1.0.0,UADx,,,,,,,,
Symphonic Brass - Trumpet Solo,Universal Audio,Brass,Brass,Plugin,,,,1.0.0,UADx,,,,,,,,
Symphonic Brass - Trumpets a2,Universal Audio,Brass,Brass,Plugin,,,,1.0.0,UADx,,,,,,,,
Symphonic Woodwinds  - Flute Solo,Universal Audio,Woodwinds,Woodwinds,Plugin,,,,1.0.0,UADx,,,,,,,,
Symphonic Woodwinds - Bass Clarinet,Universal Audio,Woodwinds,Woodwinds,Plugin,,,,1.0.0,UADx,,,,,,,,
Symphonic Woodwinds - Bassoon a2,Universal Audio,Woodwinds,Woodwinds,Plugin,,,,1.0.0,UADx,,,,,,,,
Symphonic Woodwinds - Clarinet Solo,Universal Audio,Woodwinds,Woodwinds,Plugin,,,,1.0.0,UADx,,,,,,,,
Symphonic Woodwinds - Clarinets a2,Universal Audio,Woodwinds,Woodwinds,Plugin,,,,1.0.0,UADx,,,,,,,,
Symphonic Woodwinds - Flutes a2,Universal Audio,Woodwinds,Woodwinds,Plugin,,,,1.0.0,UADx,,,,,,,,
Symphonic Woodwinds - Oboes a2,Universal Audio,Woodwinds,Woodwinds,Plugin,,,,1.0.0,UADx,,,,,,,,
Symphonic Woodwinds - Piccolo Flute,Universal Audio,Woodwinds,Woodwinds,Plugin,,,,1.0.0,UADx,,,,,,,,
OVox Instrument,Waves,Synth,Synth,Plugin,,,,16.7.33,AU,,,,,,,,
Studio Verse Instruments,Waves,Container,Container,"Plugin, Standalone",,,,16.0.30,AU,,,,,,,,
Addictive Keys,XLN Audio,Keyboards,Keyboards,"Plugin, Standalone",,,,1.7.3,"AU, VST3",,,,,,,,