name,manufacturerName,Tags,System,Sorted System,Models,Notes,Instruments / Tags? 
Aetheria Choir,8Dio,,Kontakt,Kontakt,,,
Anthology Strings,8Dio,,Kontakt,Kontakt,,,
CAGE Bundle,8Dio,,Kontakt,Kontakt,,,
Century Ensemble Brass Bundle,8Dio,,Kontakt,Kontakt,,,
Century Ostinato Strings,8Dio,,Kontakt,Kontakt,,,
Century Ostinato Strings II,8Dio,,Kontakt,Kontakt,,,
Century Strings,8Dio,,Kontakt,Kontakt,,,
Claire Woodwinds,8Dio,,Kontakt,Kontakt,,,
Deep Solo Violin,8Dio,,Kontakt,Kontakt,,,
Hybrid Tools - Eternal Darkness,8Dio,,Kontakt,Kontakt,,,
Hybrid Tools 4,8Dio,,Kontakt,Kontakt,,,
Hybrid Tools NEO,8Dio,,Kontakt,Kontakt,,,
Hybrid Tools Terminus,8Dio,,Kontakt,Kontakt,,,
Insolidus Choir,8Dio,,Kontakt,Kontakt,,,
Intimate Studio Strings,8Dio,,Kontakt,Kontakt,,,
Lacrimosa Choir,8Dio,,Kontakt,Kontakt,,,
Legion Series 33 Drummer Batacuda,8Dio,,Kontakt,Kontakt,,,
Legion Series 66 Cellos,8Dio,,Kontakt,Kontakt,,,
Legion Series 66 Trombones,8Dio,,Kontakt,Kontakt,,,
Liberis Angelic Choir,8Dio,,Kontakt,Kontakt,,,
Majestica Professional,8Dio,,Kontakt,Kontakt,,,
Requiem Professional,8Dio,,Kontakt,Kontakt,,,
Silka ,8Dio,,Kontakt,Kontakt,,(Load from File System) ,
Studio Sopranos,8Dio,,Kontakt,Kontakt,,,
3 Duduks,8Dio,,Soundpaint,Soundpaint,,World,
Bansuri Virtuoso,8Dio,,Soundpaint,Soundpaint,,World,
Bulbul Tarang,8Dio,,Soundpaint,Soundpaint,,World,
Duduk Virtuoso,8Dio,,Soundpaint,Soundpaint,,World,
Pan Flute,8Dio,,Soundpaint,Soundpaint,,World,
Pop Instrumental,8Dio,,Soundpaint,Soundpaint,,Drums and Percussion (Sound Effect) ,
Santur,8Dio,,Soundpaint,Soundpaint,,World,
Sitar,8Dio,,Soundpaint,Soundpaint,,World,
Beat Tools,Ableton ,,Ableton Live,Ableton Live,,,
Build and Drop,Ableton ,,Ableton Live,Ableton Live,,,
Building Max Devices,Ableton ,,Ableton Live,Ableton Live,,,
Chop and Swing,Ableton ,,Ableton Live,Ableton Live,,,
Connection Kit,Ableton ,,Ableton Live,Ableton Live,,,
Convolution Reverb,Ableton ,,Ableton Live,Ableton Live,,,
Core Library,Ableton ,,Ableton Live,Ableton Live,,,
Creative Extensions,Ableton ,,Ableton Live,Ableton Live,,,
CV Tools,Ableton ,,Ableton Live,Ableton Live,,,
Drive and Glow,Ableton ,,Ableton Live,Ableton Live,,,
Drone Lab,Ableton ,,Ableton Live,Ableton Live,,,
Drum Booth,Ableton ,,Ableton Live,Ableton Live,,,
Drum Essentials,Ableton ,,Ableton Live,Ableton Live,,,
Electric Keyboards,Ableton ,,Ableton Live,Ableton Live,,,
Expressive Chords,Ableton ,,Ableton Live,Ableton Live,,,
Glitch And Wash,Ableton ,,Ableton Live,Ableton Live,,,
Granulator III,Ableton ,,Ableton Live,Ableton Live,,,
Latin Percussion,Ableton ,,Ableton Live,Ableton Live,,,
Lost and Found,Ableton ,,Ableton Live,Ableton Live,,,
Max for Live Essentials,Ableton ,,Ableton Live,Ableton Live,,,
Microtuner,Ableton ,,Ableton Live,Ableton Live,,,
Mood Reel,Ableton ,,Ableton Live,Ableton Live,,,
Orchestral Brass,Ableton ,,Ableton Live,Ableton Live,,,
Orchestral Mallets,Ableton ,,Ableton Live,Ableton Live,,,
Orchestral Strings,Ableton ,,Ableton Live,Ableton Live,,,
Orchestral Woodwinds,Ableton ,,Ableton Live,Ableton Live,,,
Punch and Tilt,Ableton ,,Ableton Live,Ableton Live,,,
Sequencers,Ableton ,,Ableton Live,Ableton Live,,,
Session Drums Club,Ableton ,,Ableton Live,Ableton Live,,,
Session Drums Multimic,Ableton ,,Ableton Live,Ableton Live,,,
Session Drums Studio,Ableton ,,Ableton Live,Ableton Live,,,
Singularities,Ableton ,,Ableton Live,Ableton Live,,,
Skitter and Step,Ableton ,,Ableton Live,Ableton Live,,,
Surround Panner,Ableton ,,Ableton Live,Ableton Live,,,
Synth Essentials,Ableton ,,Ableton Live,Ableton Live,,,
Voice Box,Ableton ,,Ableton Live,Ableton Live,,,
Instant Haus,Alexkid,,Ableton Live,Ableton Live,,,
BeatSeeker,Andrew Robertson,,Ableton Live,Ableton Live,,,
Hyper Rave,Arturia,,"Acid V , Aug. Voices , Korg MS-20 V , Mini V4 , MiniFreak V , Prophet-VS, SQ80 V","Acid V , Aug. Voices , Korg MS-20 V , Mini V4 , MiniFreak V , Prophet-VS, SQ80 V",,,
Beyond Cinematic,Arturia,,"Acid V, ARP 2600 V, Aug. Brass, Aug. Grand Piano, Aug. Strings, Aug. Voices, Aug. Woodwinds, Buchla Easel V, SEM V2, CS-80 V4, SQ80 V, Farfisa V, Prophet-5, Jun-6 V, Jup-8 V, Piano V3, Korg MS-20 V, Mini V4, MiniFreak V, Matrix-12 V2, OP-Xa V, Pigments, Prophet-VS, Solina V2, Stage-73 V2, Synclavier V, Synthi V","Acid V, ARP 2600 V, Aug. Brass, Aug. Grand Piano, Aug. Strings, Aug. Voices, Aug. Woodwinds, Buchla Easel V, CS-80 V4, Farfisa V, Jun-6 V, Jup-8 V, Korg MS-20 V, Matrix-12 V2, Mini V4, MiniFreak V, OP-Xa V, Piano V3, Pigments, Prophet-5, Prophet-VS, SEM V2, Solina V2, SQ80 V, Stage-73 V2, Synclavier V, Synthi V",,,
Beyond Synthwave,Arturia,,"Acid V, Aug. Brass, Aug. Strings, Aug. Voices, CS-80 V4, Jun-6 V, Jup-8 V, Jup-8000 V, Korg MS-20 V, Mini V4, MiniBrute V, MiniFreak V, OP-Xa V, Pigments, Prophet-5, Prophet-VS, Pure LoFI, SEM V3, SQ80 V, Synclavier V, Synthx V","Acid V, Aug. Brass, Aug. Strings, Aug. Voices, CS-80 V4, Jun-6 V, Jup-8 V, Jup-8000 V, Korg MS-20 V, Mini V4, MiniBrute V, MiniFreak V, OP-Xa V, Pigments, Prophet-5, Prophet-VS, Pure LoFI, SEM V3, SQ80 V, Synclavier V, Synthx V",,,
Beyond Beats,Arturia,,"Acid V, B-3 V2, Buchla Easel V, Clavinet V, CMI V, CS-80 V4, CZ V, DX7 V, Emulator II V, Jun-6 V, Jup-8 V, Korg MS-20 V, Mini V4, MiniFreak V, OP-Xa V, Piano V3, Pigments, Prophet-5, Solina V2, SQ80 V, Stage-73 V2, Synclavier V, Synthi V, Wurli V3","Acid V, B-3 V2, Buchla Easel V, Clavinet V, CMI V, CS-80 V4, CZ V, DX7 V, Emulator II V, Jun-6 V, Jup-8 V, Korg MS-20 V, Mini V4, MiniFreak V, OP-Xa V, Piano V3, Pigments, Prophet-5, Solina V2, SQ80 V, Stage-73 V2, Synclavier V, Synthi V, Wurli V3",,,
Industrial Force,Arturia,,"Acid V, Pigments","Acid V, Pigments",,,
The Witcher Tribute,Arturia,,"ARP 2600 V , Buchla Easel V , CMI V , Emulator II V , Jun-6 V , Jup-8 V , Matrix-12 V2 , Mellotron V , Pigments, Solina V2, SQ80 V, Synthi V, Piano V3, CS-80 V4","ARP 2600 V , Buchla Easel V , CMI V , CS-80 V4, Emulator II V , Jun-6 V , Jup-8 V , Matrix-12 V2 , Mellotron V , Piano V3, Pigments, Solina V2, SQ80 V, Synthi V",,,
Past to the Future,Arturia,,"ARP 2600 V , Clavinet V , CMI V , DX7 V , Farfisa V , Matrix-12 V2 , Modular V2 , SEM V2, Solina V2, Synclavier V, VOX Continental V2, B-3 V2, Wurli V3, Stage-73 V2, Prophet-5, Piano V3, Mini V4, Jup-8 V, CS-80 V4","ARP 2600 V , B-3 V2, Clavinet V , CMI V , CS-80 V4, DX7 V , Farfisa V , Jup-8 V, Matrix-12 V2 , Mini V4, Modular V2 , Piano V3, Prophet-5, SEM V2, Solina V2, Stage-73 V2, Synclavier V, VOX Continental V2, Wurli V3",,,
Vintouch Vol 1,Arturia,,"ARP 2600 V , CS-80 V4 , Emulator II V , Jun-6 V , Pigments, Prophet-5, Prophet-VS, SQ80 V, Stage-73 V2, Piano V3, Jup-8 V, DX7 V, CZ V","ARP 2600 V , CS-80 V4 , CZ V, DX7 V, Emulator II V , Jun-6 V , Jup-8 V, Piano V3, Pigments, Prophet-5, Prophet-VS, SQ80 V, Stage-73 V2",,,
Stevie Wonder Tribute,Arturia,,"ARP 2600 V, Aug. Strings, B-3 V2, Clavinet V, Stage-73 V2, Solina V2, Prophet-5, Pigments, OP-Xa V, Mini V4, DX7 V, CS-80 V4","ARP 2600 V, Aug. Strings, B-3 V2, Clavinet V, CS-80 V4, DX7 V, Mini V4, OP-Xa V, Pigments, Prophet-5, Solina V2, Stage-73 V2",,,
Inward Universe,Arturia,,"Aug. Brass , Aug. Grand Piano , Aug. Strings , Aug. Voices , CS-80 V4 , DX7 V , Jup-8 V , MiniFreak V , Piano V3 , Synclavier V","Aug. Brass , Aug. Grand Piano , Aug. Strings , Aug. Voices , CS-80 V4 , DX7 V , Jup-8 V , MiniFreak V , Piano V3 , Synclavier V",,,
Oppenheimer Tribute,Arturia,,"Aug. Brass, Aug. Grand Piano, Aug. Strings, Aug. Voices, Aug. Woodwinds, Stage-73 V2, SQ80 V, Prophet-5, Pigments, Piano V3, OP-Xa V, MiniFreak V, Mini V4, Mellotron V, Jup-8 V, Emulator II V, DX7 V, CS-80 V4","Aug. Brass, Aug. Grand Piano, Aug. Strings, Aug. Voices, Aug. Woodwinds, CS-80 V4, DX7 V, Emulator II V, Jup-8 V, Mellotron V, Mini V4, MiniFreak V, OP-Xa V, Piano V3, Pigments, Prophet-5, SQ80 V, Stage-73 V2",,,
Damaged Pianos,Arturia,,Aug. Grand Piano,Aug. Grand Piano,,,
Inner City Soul,Arturia,,"Aug. Grand Piano , B-3 V2 , CZ V , Jun-6 V , Mellotron V , Mini V4 , Piano V3 , Prophet-5, Stage-73 V2, Wurli V3","Aug. Grand Piano , B-3 V2 , CZ V , Jun-6 V , Mellotron V , Mini V4 , Piano V3 , Prophet-5, Stage-73 V2, Wurli V3",,,
Beyond Shadows,Arturia,,"Aug. Strings, Aug. Voices, CS-80 V4, Jun-6 V, Jup-8 V, Jup-8000 V, Mellotron V, MiniFreak V, OP-Xa V, Pigments, Pure LoFI, SEM V3, Solina V2, SQ80 V, Wurli V3","Aug. Strings, Aug. Voices, CS-80 V4, Jun-6 V, Jup-8 V, Jup-8000 V, Mellotron V, MiniFreak V, OP-Xa V, Pigments, Pure LoFI, SEM V3, Solina V2, SQ80 V, Wurli V3",,,
Folkloric Strings,Arturia,,"Aug. Strings, CMI V, CS-80 V4, Emulator II V, Jun-6 V, Mellotron V, MiniFreak V, Solina V2, Synclavier V","Aug. Strings, CMI V, CS-80 V4, Emulator II V, Jun-6 V, Mellotron V, MiniFreak V, Solina V2, Synclavier V",,,
Dream Theater Tribute,Arturia,,"B-3 V2 , CMI V , Emulator II V , Jup-8 V , OP-Xa V , Pigments, Piano V3","B-3 V2 , CMI V , Emulator II V , Jup-8 V , OP-Xa V , Piano V3, Pigments",,,
Beyond Soul,Arturia,,"B-3 V2, CZ V, Farfisa V, Pure LoFI, Jun-6 V, Jup-8 V, Jup-8000 V, Mellotron V, Mini V4, MiniBrute V, MiniFreak V, OP-Xa V, Pigments, Prophet-5, Solina V2, SQ80 V, Stage-73 V2, Synclavier V, Vocoder V, Wurli V3","B-3 V2, CZ V, Farfisa V, Jun-6 V, Jup-8 V, Jup-8000 V, Mellotron V, Mini V4, MiniBrute V, MiniFreak V, OP-Xa V, Pigments, Prophet-5, Pure LoFI, Solina V2, SQ80 V, Stage-73 V2, Synclavier V, Vocoder V, Wurli V3",,,
Beyond Pop,Arturia,,"B-3 V2, DX7 V, Clavinet V, CS-80 V4, Emulator II V, Farfisa V, Jun-6 V, Mini V4, Jup-8 V, MiniFreak V, OP-Xa V, Piano V3, SEM V2, Pigments, Prophet-5, Prophet-VS, Solina V2, SQ80 V, Stage-73 V2, Wurli V3","B-3 V2, Clavinet V, CS-80 V4, DX7 V, Emulator II V, Farfisa V, Jun-6 V, Jup-8 V, Mini V4, MiniFreak V, OP-Xa V, Piano V3, Pigments, Prophet-5, Prophet-VS, SEM V2, Solina V2, SQ80 V, Stage-73 V2, Wurli V3",,,
Floyd Tribute III,Arturia,,"B-3 V2, Wurli V3, Synclavier V, Jup-8 V, Stage-73 V2, SQ80 V, Solina V2, Prophet-5, Pigments, Piano V3, MiniFreak V, Emulator II V, Mini V4, Jun-6 V, CMI V","B-3 V2, CMI V, Emulator II V, Jun-6 V, Jup-8 V, Mini V4, MiniFreak V, Piano V3, Pigments, Prophet-5, Solina V2, SQ80 V, Stage-73 V2, Synclavier V, Wurli V3",,,
ELP Tribute,Arturia,,"Clavinet V , Modular V2 , B-3 V2, Mini V4, CS-80 V4","B-3 V2, Clavinet V , CS-80 V4, Mini V4, Modular V2 ",,,
Daft Tribute,Arturia,,"CMI V , CZ V , Pigments, Prophet-5","CMI V , CZ V , Pigments, Prophet-5",,,
Kavinsky Tribute,Arturia,,"CMI V , Matrix-12 V2 , Modular V2 , Pigments, Solina V2, Synthi V, Buchla Easel V, Prophet-5, Mini V4","Buchla Easel V, CMI V , Matrix-12 V2 , Mini V4, Modular V2 , Pigments, Prophet-5, Solina V2, Synthi V",,,
Vangelis Tribute 3,Arturia,,"CS-80 V4 , Jup-8 V , Korg MS-20 V , Matrix-12 V2 , Mellotron V , OP-Xa V , Pigments, Prophet-5, SEM V2, Stage-73 V2, Piano V3","CS-80 V4 , Jup-8 V , Korg MS-20 V , Matrix-12 V2 , Mellotron V , OP-Xa V , Piano V3, Pigments, Prophet-5, SEM V2, Stage-73 V2",,,
JSPA,Arturia,,"CS-80 V4 , Korg MS-20 V , Prophet-5, SQ80 V","CS-80 V4 , Korg MS-20 V , Prophet-5, SQ80 V",,,
Lyli's Signature,Arturia,,"DX7 V , Mini V4","DX7 V , Mini V4",,,
MiniBrute Funk,Arturia,,MiniBrute V,MiniBrute V,,,
Fantasy Synths,Arturia,,MiniFreak V,MiniFreak V,,,
MiniFreak 4.0,Arturia,,MiniFreak V ,MiniFreak V ,,,
Synthetic Trap,Arturia,,MiniFreak V ,MiniFreak V ,,,
Timecop1983,Arturia,,"MiniFreak V, Jun-6 V, Prophet-5, OP-Xa V","Jun-6 V, MiniFreak V, OP-Xa V, Prophet-5",,,
Tangerine Tribute,Arturia,,"Modular V2 , Jup-8 V","Jup-8 V, Modular V2 ",,,
Kraft Tribute,Arturia,,"Modular V2 , Prophet-5","Modular V2 , Prophet-5",,,
Floyd Tribute,Arturia,,"Modular V2 , Solina V2","Modular V2 , Solina V2",,,
Toto Tribute,Arturia,,"Modular V2, Jup-8 V, DX7 V, CS-80 V4","CS-80 V4, DX7 V, Jup-8 V, Modular V2",,,
Ambient Explorations,Arturia,,Pigments,Pigments,,,
Bass Explorations,Arturia,,Pigments,Pigments,,,
Beats Explorations,Arturia,,Pigments,Pigments,,,
Cities in Dust,Arturia,,Pigments,Pigments,,,
Dubstep Explorations,Arturia,,Pigments,Pigments,,,
Evolving Electro,Arturia,,Pigments,Pigments,,,
Expressive Explorations,Arturia,,Pigments,Pigments,,,
Generative Voyage,Arturia,,Pigments,Pigments,,,
Granular Explorations,Arturia,,Pigments,Pigments,,,
Hazy Explorations,Arturia,,Pigments,Pigments,,,
Hypertechno Explorations,Arturia,,Pigments,Pigments,,,
IDM Explorations,Arturia,,Pigments,Pigments,,,
IDM Grooves,Arturia,,Pigments,Pigments,,,
Liquid Explorations,Arturia,,Pigments,Pigments,,,
Lofi Explorations,Arturia,,Pigments,Pigments,,,
M.Houle's Signature,Arturia,,Pigments,Pigments,,,
Modal Explorations,Arturia,,Pigments,Pigments,,,
Openworld Explorations,Arturia,,Pigments,Pigments,,,
Pigments 2.0,Arturia,,Pigments,Pigments,,,
Pigments 3.0,Arturia,,Pigments,Pigments,,,
Pigments 3.5,Arturia,,Pigments,Pigments,,,
Pigments 4.0,Arturia,,Pigments,Pigments,,,
Pigments 5.0,Arturia,,Pigments,Pigments,,,
Pigments 6.0,Arturia,,Pigments,Pigments,,,
Pigments 7.0,Arturia,,Pigments,Pigments,,,
Psychedelic Explorations,Arturia,,Pigments,Pigments,,,
Reggaeton Essentials,Arturia,,Pigments,Pigments,,,
Trap Explorations,Arturia,,Pigments,Pigments,,,
Undertaker EBM,Arturia,,Pigments,Pigments,,,
Stranger Synths,Arturia,,"Synthi V, Pigments, DX7 V, Buchla Easel V, Prophet-5","Buchla Easel V, DX7 V, Pigments, Prophet-5, Synthi V",,,
Nordic Tranquility,Arturia,,"Vocoder V, Stage-73 V2, Piano V3, Solina V2, Pigments, Mini V4, Mellotron V, Jup-8 V, Jun-6 V","Jun-6 V, Jup-8 V, Mellotron V, Mini V4, Piano V3, Pigments, Solina V2, Stage-73 V2, Vocoder V",,,
Daft Tribute II,Arturia,,"Wurli V3, Stage-73 V2, Prophet-5, Pigments, Piano V3, OP-Xa V, Mini V4, Korg MS-20 V, Jup-8 V, Jun-6 V, Emulator II V, Farfisa V, DX7 V, Clavinet V, Acid V","Acid V, Clavinet V, DX7 V, Emulator II V, Farfisa V, Jun-6 V, Jup-8 V, Korg MS-20 V, Mini V4, OP-Xa V, Piano V3, Pigments, Prophet-5, Stage-73 V2, Wurli V3",,,
M4L Big Three,Cycling '74,,Ableton Live,Ableton Live,,,
M4L Building Tools,Cycling '74,,Ableton Live,Ableton Live,,,
Max 7 Pitch and Time Machines,Cycling '74,,Ableton Live,Ableton Live,,,
Inspired by Nature,Dillon Bastan,,Ableton Live,Ableton Live,,,
Drumdrops Recording Hybrid Kit,Drumdrops,,Ableton Live,Ableton Live,,,
Grand Piano,e-Instruments,,Ableton Live,Ableton Live,,,
Guitar and Bass,e-Instruments,,Ableton Live,Ableton Live,,,
Session Horns Pro,e-Instruments,,Kontakt,Kontakt,,,
Cello Textures,Emergence Audio,,Kontakt,Kontakt,,,
Clarinet Textures,Emergence Audio,,Kontakt,Kontakt,,,
Double Bass Textures,Emergence Audio,,Kontakt,Kontakt,,,
Flute Textures,Emergence Audio,,Kontakt,Kontakt,,,
Infinite Bird Whistle,Emergence Audio,,Kontakt,Kontakt,,,
Infinite Steel Tongue,Emergence Audio,,Kontakt,Kontakt,,,
Infinite Upright,Emergence Audio,,Kontakt,Kontakt,,,
Quantum,Emergence Audio,,Kontakt,Kontakt,,,
Soprano Textures,Emergence Audio,,Kontakt,Kontakt,,,
Tenor Textures,Emergence Audio,,Kontakt,Kontakt,,,
Viola Textures,Emergence Audio,,Kontakt,Kontakt,,,
Violin Textures,Emergence Audio,,Kontakt,Kontakt,,,
Mountain Synth,Eric Corminier,,Reason,Reason,,Combinator; Thor,
DM ARP 2600 Drums,Flatpack,,Ableton Live,Ableton Live,,,
DM-307A Free Pack,Heavyocity,,Ableton Live,Ableton Live,,,
Analog Hybrid Drums,Heavyocity,,Kontakt,Kontakt,,,
Damage,Heavyocity,,Kontakt,Kontakt,,,
Damage 2,Heavyocity,,Kontakt,Kontakt,,,
Damage Drum Kit,Heavyocity,,Kontakt,Kontakt,,,
Damage Rock Grooves,Heavyocity,,Kontakt,Kontakt,,,
Dystropia,Heavyocity,,Kontakt,Kontakt,,,
Foundations - Emotive Choir,Heavyocity,,Kontakt,Kontakt,,,
Foundations - Nylon Guitar,Heavyocity,,Kontakt,Kontakt,,,
Foundations - Piano,Heavyocity,,Kontakt,Kontakt,,,
Foundations - Staccato Brass,Heavyocity,,Kontakt,Kontakt,,,
Foundations - Staccato Strings,Heavyocity,,Kontakt,Kontakt,,,
Foundations - Synth Bass,Heavyocity,,Kontakt,Kontakt,,,
GP08 Vocalise 3,Heavyocity,,Kontakt,Kontakt,,,
Gravity 2,Heavyocity,,Kontakt,Kontakt,,,
Machina,Heavyocity,,Kontakt,Kontakt,,,
Schwarzonator 2,Henrik Schwarz,,Ableton Live,Ableton Live,,,
Generators,Iftah,,Ableton Live,Ableton Live,,,
Performance Pack,Iftah,,Ableton Live,Ableton Live,,,
Alan Parsons Imperial Grand,IK Multimedia,,SampleTank,SampleTank,,SampleTank - Load,
Alternate Keys,IK Multimedia,,SampleTank,SampleTank,,SampleTank - Load,
American Acoustic,IK Multimedia,,SampleTank,SampleTank,,SampleTank - Load,
Art Deco Piano,IK Multimedia,,SampleTank,SampleTank,,SampleTank - Load,
Beat Machines,IK Multimedia,,SampleTank,SampleTank,,,
Billy Cobham Drums,IK Multimedia,,SampleTank,SampleTank,,,
Bionic Drums,IK Multimedia,,SampleTank,SampleTank,,,
Brandenburg Piano,IK Multimedia,,SampleTank,SampleTank,,SampleTank - Load,
Cinematic Percussion,IK Multimedia,,SampleTank,SampleTank,,,
Clavitube,IK Multimedia,,SampleTank,SampleTank,,SampleTank - Load,
Electric Grand C70P,IK Multimedia,,SampleTank,SampleTank,Yamaha C7?,SampleTank - Load,
Electronic Piano Bass,IK Multimedia,,SampleTank,SampleTank,Fender Rhodes Piano Bass,SampleTank - Load,
Elektronika - Chillout,IK Multimedia,,SampleTank,SampleTank,,SampleTank - Load,
Elektronika - Deep House,IK Multimedia,,SampleTank,SampleTank,,SampleTank - Load,
Elektronika - Drum'n'Bass,IK Multimedia,,SampleTank,SampleTank,,SampleTank - Load,
Elektronika - Hardcore,IK Multimedia,,SampleTank,SampleTank,,SampleTank - Load,
Elektronika - Indie Dance,IK Multimedia,,SampleTank,SampleTank,,SampleTank - Load,
Elektronika - Minimal,IK Multimedia,,SampleTank,SampleTank,,SampleTank - Load,
Elektronika - Techno,IK Multimedia,,SampleTank,SampleTank,,SampleTank - Load,
Elektronika - Trance,IK Multimedia,,SampleTank,SampleTank,,SampleTank - Load,
Extraterrestrial Saxophone,IK Multimedia,,SampleTank,SampleTank,,SampleTank - Load,
Fractured Piano,IK Multimedia,,SampleTank,SampleTank,,SampleTank - Load,
Future Synths,IK Multimedia,,SampleTank,SampleTank,,,
High Padgham Drums,IK Multimedia,,SampleTank,SampleTank,,,
Hitmaker - EDM,IK Multimedia,,SampleTank,SampleTank,,SampleTank - Load,
Hitmaker - Reggaeton,IK Multimedia,,SampleTank,SampleTank,,SampleTank - Load,
Hitmaker - Synthwave,IK Multimedia,,SampleTank,SampleTank,,SampleTank - Load,
Hitmaker - Trap,IK Multimedia,,SampleTank,SampleTank,,SampleTank - Load,
L.A. Confidential,IK Multimedia,,SampleTank,SampleTank,,SampleTank - Load,
London Grooves,IK Multimedia,,SampleTank,SampleTank,,SampleTank - Load,
Malletension,IK Multimedia,,SampleTank,SampleTank,,SampleTank - Load,
Malletopia,IK Multimedia,,SampleTank,SampleTank,,SampleTank - Load,
Mojo Synthesis - Alien Harbours,IK Multimedia,,SampleTank,SampleTank,,SampleTank - Load,
Mojo Synthesis - Circuit Damage,IK Multimedia,,SampleTank,SampleTank,,SampleTank - Load,
Mojo Synthesis - Ring of Doom,IK Multimedia,,SampleTank,SampleTank,,SampleTank - Load,
Mojo Synthesis - Swarm,IK Multimedia,,SampleTank,SampleTank,,SampleTank - Load,
Mojo Synthesis - Vector Vision,IK Multimedia,,SampleTank,SampleTank,,SampleTank - Load,
Nanotube,IK Multimedia,,SampleTank,SampleTank,,,
Neil Peart Drums,IK Multimedia,,SampleTank,SampleTank,,,
NRG,IK Multimedia,,SampleTank,SampleTank,,,
Orchestral Percussion,IK Multimedia,,SampleTank,SampleTank,,,
Power up,IK Multimedia,,SampleTank,SampleTank,,,
Salsa Percussion Loops,IK Multimedia,,SampleTank,SampleTank,,SampleTank - Load,
SampleTank 3,IK Multimedia,,SampleTank,SampleTank,,,
SampleTank 4,IK Multimedia,,SampleTank,SampleTank,,,
SampleTank 4 CS,IK Multimedia,,SampleTank,SampleTank,,,
SampleTank 4 MAX,IK Multimedia,,SampleTank,SampleTank,,,
SampleTank 4 SE,IK Multimedia,,SampleTank,SampleTank,,,
SampleTron 2,IK Multimedia,,SampleTank,SampleTank,,SampleTank - Load,
Shipwreck Piano,IK Multimedia,,SampleTank,SampleTank,,SampleTank - Load,
Spaceport 77,IK Multimedia,,SampleTank,SampleTank,,SampleTank - Load,
Stage 73 Mark V,IK Multimedia,,SampleTank,SampleTank,Fender Rhodes Stage 73,SampleTank - Load,
Terry Bozzio Drums,IK Multimedia,,SampleTank,SampleTank,,,
The Code Volume 1,IK Multimedia,,SampleTank,SampleTank,,SampleTank - Load,
The Code Volume 2,IK Multimedia,,SampleTank,SampleTank,,SampleTank - Load,
The Grid,IK Multimedia,,SampleTank,SampleTank,,,
The Resonator,IK Multimedia,,SampleTank,SampleTank,,SampleTank - Load,
Wurly Model 120,IK Multimedia,,SampleTank,SampleTank,Wurlitzer Model 120,SampleTank - Load,
Syntronik,IK Multimedia,,"SampleTank, Syntronik","SampleTank, Syntronik",,,
Syntronik 2,IK Multimedia,,"SampleTank, Syntronik","SampleTank, Syntronik",,SampleTank - Load,
Classic Synths,Katsuhiro Chiba,,Ableton Live,Ableton Live,,,
Loopmasters Mixtape,Loopmasters,,Ableton Live,Ableton Live,,,
64 Pad Lab,Mad Zach,,Ableton Live,Ableton Live,,,
APC Step Sequencer,Mark Egloff,,Ableton Live,Ableton Live,,,
Gratis Hits,Max for Cats,,Ableton Live,Ableton Live,,,
PitchDrop,Mormo,,Ableton Live,Ableton Live,,,
40 Very Own - Drums,Native Instruments,,Kontakt,Kontakt,,,
40s Very Own - Keys,Native Instruments,,Kontakt,Kontakt,,,
Abbey Road 50s Drummer,Native Instruments,,Kontakt,Kontakt,,,
Abbey Road 60s Drummer,Native Instruments,,Kontakt,Kontakt,,,
Abbey Road 70s Drummer,Native Instruments,,Kontakt,Kontakt,,,
Abbey Road 80s Drummer,Native Instruments,,Kontakt,Kontakt,,,
Abbey Road Modern Drummer,Native Instruments,,Kontakt,Kontakt,,,
Abbey Road Vintage Drummer,Native Instruments,,Kontakt,Kontakt,,,
Action Strikes,Native Instruments,,Kontakt,Kontakt,,,
Action Strings 2,Native Instruments,,Kontakt,Kontakt,,,
Action Woodwinds,Native Instruments,,Kontakt,Kontakt,,,
Alicias Electric Keys,Native Instruments,,Kontakt,Kontakt,,"Effects Chain (Preamp, Compressor, Delay, EQ, Reverb)
9 IR categories (spaces / cabinets) 
32 Stompboxes",
Alicias Keys,Native Instruments,,Kontakt,Kontakt,,,
Amati VIola,Native Instruments,,Kontakt,Kontakt,,,
Analog Dreams ,Native Instruments,,Kontakt,Kontakt,,,
Arkhis,Native Instruments,,Kontakt,Kontakt,,,
Ashlight,Native Instruments,,Kontakt,Kontakt,,,
Balinese Gamelan,Native Instruments,,Kontakt,Kontakt,,,
Bazzazian Tapes,Native Instruments,,Kontakt,Kontakt,,,
Bouquet,Native Instruments,,Kontakt,Kontakt,,,
Butch Vig Drums,Native Instruments,,Kontakt,Kontakt,,,
Choir - Omnia,Native Instruments,,Kontakt,Kontakt,,,
Circular,Native Instruments,,Kontakt,Kontakt,,,
Claire,Native Instruments,,Kontakt,Kontakt,,,
Claire Avant,Native Instruments,,Kontakt,Kontakt,,,
Cloud Supply,Native Instruments,,Kontakt,Kontakt,,,
Conflux,Native Instruments,,Kontakt,Kontakt,,,
Cuba,Native Instruments,,Kontakt,Kontakt,,,
Deft Lines,Native Instruments,,Kontakt,Kontakt,,,
Drum Lab,Native Instruments,,Kontakt,Kontakt,,,
Duets,Native Instruments,,Kontakt,Kontakt,,,
East Asia,Native Instruments,,Kontakt,Kontakt,,,
Electric Keys - Diamonds,Native Instruments,,Kontakt,Kontakt,,,
Electric Keys - Phoenix,Native Instruments,,Kontakt,Kontakt,,,
Emotive Strings,Native Instruments,,Kontakt,Kontakt,,,
Empire Breaks,Native Instruments,,Kontakt,Kontakt,,,
Ethereal Earth,Native Instruments,,Kontakt,Kontakt,,,
Fables,Native Instruments,,Kontakt,Kontakt,,,
Feel It,Native Instruments,,Kontakt,Kontakt,,,
Glaze,Native Instruments,,Kontakt,Kontakt,,,
Glaze 2,Native Instruments,,Kontakt,Kontakt,,,
Guarneri Violin,Native Instruments,,Kontakt,Kontakt,,,
Homage,Native Instruments,,Kontakt,Kontakt,,,
Hybrid Keys,Native Instruments,,Kontakt,Kontakt,,,
Hypha,Native Instruments,,Kontakt,Kontakt,,,
Ignition Keys,Native Instruments,,Kontakt,Kontakt,,,
India,Native Instruments,,Kontakt,Kontakt,,,
Ireland,Native Instruments,,Kontakt,Kontakt,,,
Irish Harp,Native Instruments,,Kontakt,Kontakt,,,
Jacob Collier Audience Choir,Native Instruments,,Kontakt,Kontakt,,,
Karriem Riggins Drums,Native Instruments,,Kontakt,Kontakt,,,
Kinetic Metal,Native Instruments,,Kontakt,Kontakt,,,
Kinetic Toys,Native Instruments,,Kontakt,Kontakt,,,
Kithara,Native Instruments,,Kontakt,Kontakt,,,
Kontakt Faktory Library 2,Native Instruments,,Kontakt,Kontakt,,,
Kontakt Faktory Selection 2,Native Instruments,,Kontakt,Kontakt,,,
Lo-Fi Glow,Native Instruments,,Kontakt,Kontakt,,,
Lores,Native Instruments,,Kontakt,Kontakt,,,
Mallet Flux,Native Instruments,,Kontakt,Kontakt,,,
Melted Vibes,Native Instruments,,Kontakt,Kontakt,,,
Middle East,Native Instruments,,Kontakt,Kontakt,,,
Modular Icons,Native Instruments,,Kontakt,Kontakt,,,
Mysteria,Native Instruments,,Kontakt,Kontakt,,,
Nacht,Native Instruments,,Kontakt,Kontakt,,,
Noire,Native Instruments,,Kontakt,Kontakt,,,
Odes,Native Instruments,,Kontakt,Kontakt,,,
Pharlight,Native Instruments,,Kontakt,Kontakt,,,
Piano Colors,Native Instruments,,Kontakt,Kontakt,,,
Piano Uno,Native Instruments,,Kontakt,Kontakt,,,
Playbox,Native Instruments,,Kontakt,Kontakt,,,
Previews,Native Instruments,,Kontakt,Kontakt,,,
Retro Machines Mk2,Native Instruments,,Kontakt,Kontakt,,,
Rise and Hit,Native Instruments,,Kontakt,Kontakt,,,
Rudiments,Native Instruments,,Kontakt,Kontakt,,,
Scene - Bloodplant,Native Instruments,,Kontakt,Kontakt,,,
Scene - Lotus,Native Instruments,,Kontakt,Kontakt,,,
Scene - Nightshade,Native Instruments,,Kontakt,Kontakt,,,
Scene - Saffron,Native Instruments,,Kontakt,Kontakt,,,
Scene - Saffron,Native Instruments,,Kontakt,Kontakt,,,
Scene - Willow,Native Instruments,,Kontakt,Kontakt,,,
Schema - Dark,Native Instruments,,Kontakt,Kontakt,,,
Schema - Light,Native Instruments,,Kontakt,Kontakt,,,
Sequis,Native Instruments,,Kontakt,Kontakt,,,
Session Bassist - Icon Bass,Native Instruments,,Kontakt,Kontakt,,,
Session Bassist - Prime Bass,Native Instruments,,Kontakt,Kontakt,,,
Session Bassist - Upright Bass,Native Instruments,,Kontakt,Kontakt,,,
Session Guitarist - Acoustic Sunburst Deluxe,Native Instruments,,Kontakt,Kontakt,,,
Session Guitarist - Electric Mint,Native Instruments,,Kontakt,Kontakt,,,
Session Guitarist - Electric Sunburst Deluxe,Native Instruments,,Kontakt,Kontakt,,,
Session Guitarist - Electric Vintage,Native Instruments,,Kontakt,Kontakt,,,
Session Guitarist - Picked Acoustic,Native Instruments,,Kontakt,Kontakt,,,
Session Guitarist - Picked Nylon,Native Instruments,,Kontakt,Kontakt,,,
Session Guitarist - Strummed Acoustic,Native Instruments,,Kontakt,Kontakt,,,
Session Guitarist - Strummed Acoustic 2,Native Instruments,,Kontakt,Kontakt,,,
Session Percussionist,Native Instruments,,Kontakt,Kontakt,,,
Session Strings Pro 2,Native Instruments,,Kontakt,Kontakt,,,
Session Ukelele,Native Instruments,,Kontakt,Kontakt,,,
Soul Sessions,Native Instruments,,Kontakt,Kontakt,,,
Stacks,Native Instruments,,Kontakt,Kontakt,,,
Stradivari Cello,Native Instruments,,Kontakt,Kontakt,,,
Stradivari Violin,Native Instruments,,Kontakt,Kontakt,,,
Straylight,Native Instruments,,Kontakt,Kontakt,,,
Studio Drummer,Native Instruments,,Kontakt,Kontakt,,,
Sway,Native Instruments,,Kontakt,Kontakt,,,
Symphony Series Brass Ensemble,Native Instruments,,Kontakt,Kontakt,,,
Symphony Series Brass Solo,Native Instruments,,Kontakt,Kontakt,,,
Symphony Series Percussion,Native Instruments,,Kontakt,Kontakt,,,
Symphony Series String Ensemble,Native Instruments,,Kontakt,Kontakt,,,
Symphony Series Woodwind Ensemble,Native Instruments,,Kontakt,Kontakt,,,
Symphony Series Woodwind Solo,Native Instruments,,Kontakt,Kontakt,,,
The Gentleman,Native Instruments,,Kontakt,Kontakt,,,
The Giant,Native Instruments,,Kontakt,Kontakt,,,
The Grandeur,Native Instruments,,Kontakt,Kontakt,,,
The Maverick,Native Instruments,,Kontakt,Kontakt,,,
Thrill,Native Instruments,,Kontakt,Kontakt,,,
Una Corda,Native Instruments,,Kontakt,Kontakt,,,
Utopia,Native Instruments,,Kontakt,Kontakt,,,
Valves Pro,Native Instruments,,Kontakt,Kontakt,,,
Vintage Organs,Native Instruments,,Kontakt,Kontakt,,,
Vocal Colors,Native Instruments,,Kontakt,Kontakt,,,
West Africa,Native Instruments,,Kontakt,Kontakt,,,
Yangqin,Native Instruments,,Kontakt,Kontakt,,,
80s New Wave,Native Instruments,,Kontakt Leap,Kontakt Leap,,,
Acoustic Drums,Native Instruments,,Kontakt Leap,Kontakt Leap,,,
Afrobeats,Native Instruments,,Kontakt Leap,Kontakt Leap,,,
Disco and Funk,Native Instruments,,Kontakt Leap,Kontakt Leap,,,
Drum Breaks,Native Instruments,,Kontakt Leap,Kontakt Leap,,,
Hot Vocals,Native Instruments,,Kontakt Leap,Kontakt Leap,,,
Latin Trap,Native Instruments,,Kontakt Leap,Kontakt Leap,,,
Lo-Fi Vibes,Native Instruments,,Kontakt Leap,Kontakt Leap,,,
Platinum Pop,Native Instruments,,Kontakt Leap,Kontakt Leap,,,
Progressive Trance,Native Instruments,,Kontakt Leap,Kontakt Leap,,,
RnB Licks,Native Instruments,,Kontakt Leap,Kontakt Leap,,,
Soul Gold,Native Instruments,,Kontakt Leap,Kontakt Leap,,,
True School,Native Instruments,,Maschine 3,Maschine 3,,,
Amplified Funk,Native Instruments,,"Maschine 3, Kontakt Leap","Kontakt Leap, Maschine 3",,,
Arcane Attic,Native Instruments,,"Maschine 3, Kontakt Leap","Kontakt Leap, Maschine 3",,,
Astral Flutter,Native Instruments,,"Maschine 3, Kontakt Leap","Kontakt Leap, Maschine 3",,,
Basement Era,Native Instruments,,"Maschine 3, Kontakt Leap","Kontakt Leap, Maschine 3",,,
Caribbean Current,Native Instruments,,"Maschine 3, Kontakt Leap","Kontakt Leap, Maschine 3",,,
Conant Gardens,Native Instruments,,"Maschine 3, Kontakt Leap","Kontakt Leap, Maschine 3",,,
Crystal Daggers,Native Instruments,,"Maschine 3, Kontakt Leap","Kontakt Leap, Maschine 3",,,
Dark Pressure,Native Instruments,,"Maschine 3, Kontakt Leap","Kontakt Leap, Maschine 3",,,
Drop Squad,Native Instruments,,"Maschine 3, Kontakt Leap","Kontakt Leap, Maschine 3",,,
Electric Vice,Native Instruments,,"Maschine 3, Kontakt Leap","Kontakt Leap, Maschine 3",,,
Free Form,Native Instruments,,"Maschine 3, Kontakt Leap","Kontakt Leap, Maschine 3",,,
Golden Kingdom,Native Instruments,,"Maschine 3, Kontakt Leap","Kontakt Leap, Maschine 3",,,
Grey Forge,Native Instruments,,"Maschine 3, Kontakt Leap","Kontakt Leap, Maschine 3",,,
Helios Ray,Native Instruments,,"Maschine 3, Kontakt Leap","Kontakt Leap, Maschine 3",,,
Lazer Dice,Native Instruments,,"Maschine 3, Kontakt Leap","Kontakt Leap, Maschine 3",,,
Lucid Mission,Native Instruments,,"Maschine 3, Kontakt Leap","Kontakt Leap, Maschine 3",,,
Magnate Hustle,Native Instruments,,"Maschine 3, Kontakt Leap","Kontakt Leap, Maschine 3",,,
Marble Rims,Native Instruments,,"Maschine 3, Kontakt Leap","Kontakt Leap, Maschine 3",,,
Paradise Rinse,Native Instruments,,"Maschine 3, Kontakt Leap","Kontakt Leap, Maschine 3",,,
Platinum Bounce,Native Instruments,,"Maschine 3, Kontakt Leap","Kontakt Leap, Maschine 3",,,
Prospect Haze,Native Instruments,,"Maschine 3, Kontakt Leap","Kontakt Leap, Maschine 3",,,
Queensbridge Story,Native Instruments,,"Maschine 3, Kontakt Leap","Kontakt Leap, Maschine 3",,,
Radiant Horizon,Native Instruments,,"Maschine 3, Kontakt Leap","Kontakt Leap, Maschine 3",,,
Raw Voltage,Native Instruments,,"Maschine 3, Kontakt Leap","Kontakt Leap, Maschine 3",,,
Resonant Blaze,Native Instruments,,"Maschine 3, Kontakt Leap","Kontakt Leap, Maschine 3",,,
Static Friction,Native Instruments,,"Maschine 3, Kontakt Leap","Kontakt Leap, Maschine 3",,,
Transistor Punch,Native Instruments,,"Maschine 3, Kontakt Leap","Kontakt Leap, Maschine 3",,,
Vintage Heat,Native Instruments,,"Maschine 3, Kontakt Leap","Kontakt Leap, Maschine 3",,,
Black Arc,Native Instruments,,"Maschine 3, Massive, Kontakt Leap","Kontakt Leap, Maschine 3, Massive",,,
Borough Chops,Native Instruments,,"Maschine 3, Massive, Kontakt Leap","Kontakt Leap, Maschine 3, Massive",,,
Brass n Bounce,Native Instruments,,"Maschine 3, Massive, Kontakt Leap","Kontakt Leap, Maschine 3, Massive",,,
Pulswerk,Native Instruments,,"Maschine 3, Massive, Kontakt Leap","Kontakt Leap, Maschine 3, Massive",,,
Backyard Jams,Native Instruments,,"Maschine 3, Massive, Monark , Kontakt Leap","Kontakt Leap, Maschine 3, Massive, Monark ",,,
Bazzazian  ,Native Instruments,,"Maschine 3, Massive, Monark , Kontakt Leap","Kontakt Leap, Maschine 3, Massive, Monark ",,,
Body Mechanik,Native Instruments,,"Maschine 3, Massive, Monark , Kontakt Leap","Kontakt Leap, Maschine 3, Massive, Monark ",,,
Bumpin Flava,Native Instruments,,"Maschine 3, Massive, Monark , Kontakt Leap","Kontakt Leap, Maschine 3, Massive, Monark ",,,
Burnt Hues,Native Instruments,,"Maschine 3, Massive, Monark , Kontakt Leap","Kontakt Leap, Maschine 3, Massive, Monark ",,,
Carbon Decay,Native Instruments,,"Maschine 3, Massive, Monark , Kontakt Leap","Kontakt Leap, Maschine 3, Massive, Monark ",,,
Crate Cuts,Native Instruments,,"Maschine 3, Massive, Monark , Kontakt Leap","Kontakt Leap, Maschine 3, Massive, Monark ",,,
District Xeo,Native Instruments,,"Maschine 3, Massive, Monark , Kontakt Leap","Kontakt Leap, Maschine 3, Massive, Monark ",,,
Drum State,Native Instruments,,"Maschine 3, Massive, Monark , Kontakt Leap","Kontakt Leap, Maschine 3, Massive, Monark ",,,
Echo Versions,Native Instruments,,"Maschine 3, Massive, Monark , Kontakt Leap","Kontakt Leap, Maschine 3, Massive, Monark ",,,
Electric Touch,Native Instruments,,"Maschine 3, Massive, Monark , Kontakt Leap","Kontakt Leap, Maschine 3, Massive, Monark ",,,
Faded Reels,Native Instruments,,"Maschine 3, Massive, Monark , Kontakt Leap","Kontakt Leap, Maschine 3, Massive, Monark ",,,
Higher Place,Native Instruments,,"Maschine 3, Massive, Monark , Kontakt Leap","Kontakt Leap, Maschine 3, Massive, Monark ",,,
Ignition Code,Native Instruments,,"Maschine 3, Massive, Monark , Kontakt Leap","Kontakt Leap, Maschine 3, Massive, Monark ",,,
Infinite Escape,Native Instruments,,"Maschine 3, Massive, Monark , Kontakt Leap","Kontakt Leap, Maschine 3, Massive, Monark ",,,
Lunar Echoes,Native Instruments,,"Maschine 3, Massive, Monark , Kontakt Leap","Kontakt Leap, Maschine 3, Massive, Monark ",,,
Magnetic Coast,Native Instruments,,"Maschine 3, Massive, Monark , Kontakt Leap","Kontakt Leap, Maschine 3, Massive, Monark ",,,
Mother Board,Native Instruments,,"Maschine 3, Massive, Monark , Kontakt Leap","Kontakt Leap, Maschine 3, Massive, Monark ",,,
Polar Flare,Native Instruments,,"Maschine 3, Massive, Monark , Kontakt Leap","Kontakt Leap, Maschine 3, Massive, Monark ",,,
Rare Vibrations,Native Instruments,,"Maschine 3, Massive, Monark , Kontakt Leap","Kontakt Leap, Maschine 3, Massive, Monark ",,,
Sasha,Native Instruments,,"Maschine 3, Massive, Monark , Kontakt Leap","Kontakt Leap, Maschine 3, Massive, Monark ",,,
Soul Magic,Native Instruments,,"Maschine 3, Massive, Monark , Kontakt Leap","Kontakt Leap, Maschine 3, Massive, Monark ",,,
The Stereotypes,Native Instruments,,"Maschine 3, Massive, Monark , Kontakt Leap","Kontakt Leap, Maschine 3, Massive, Monark ",,,
Trill Rays,Native Instruments,,"Maschine 3, Massive, Monark , Kontakt Leap","Kontakt Leap, Maschine 3, Massive, Monark ",,,
Void Eclipse,Native Instruments,,"Maschine 3, Massive, Monark , Kontakt Leap","Kontakt Leap, Maschine 3, Massive, Monark ",,,
Warped Symmetry,Native Instruments,,"Maschine 3, Massive, Monark , Kontakt Leap","Kontakt Leap, Maschine 3, Massive, Monark ",,,
Maschine Central,Native Instruments,,"Maschine 3, Massive, Monark , Prism ","Maschine 3, Massive, Monark , Prism ",,,
Anima Ascent,Native Instruments,,"Maschine 3, Massive, Monark , Prism , Kontakt Leap","Kontakt Leap, Maschine 3, Massive, Monark , Prism ",,,
Chromatic Fire,Native Instruments,,"Maschine 3, Massive, Monark , Prism , Kontakt Leap","Kontakt Leap, Maschine 3, Massive, Monark , Prism ",,,
Concrete Sun,Native Instruments,,"Maschine 3, Massive, Monark , Prism , Kontakt Leap","Kontakt Leap, Maschine 3, Massive, Monark , Prism ",,,
Global Shake,Native Instruments,,"Maschine 3, Massive, Monark , Prism , Kontakt Leap","Kontakt Leap, Maschine 3, Massive, Monark , Prism ",,,
Hazy Days,Native Instruments,,"Maschine 3, Massive, Monark , Prism , Kontakt Leap","Kontakt Leap, Maschine 3, Massive, Monark , Prism ",,,
Lockdown Grind,Native Instruments,,"Maschine 3, Massive, Monark , Prism , Kontakt Leap","Kontakt Leap, Maschine 3, Massive, Monark , Prism ",,,
Midnight Sunset,Native Instruments,,"Maschine 3, Massive, Monark , Prism , Kontakt Leap","Kontakt Leap, Maschine 3, Massive, Monark , Prism ",,,
Neo Boogie,Native Instruments,,"Maschine 3, Massive, Monark , Prism , Kontakt Leap","Kontakt Leap, Maschine 3, Massive, Monark , Prism ",,,
Pure Drip,Native Instruments,,"Maschine 3, Massive, Monark , Prism , Kontakt Leap","Kontakt Leap, Maschine 3, Massive, Monark , Prism ",,,
Rhythm Source,Native Instruments,,"Maschine 3, Massive, Monark , Prism , Kontakt Leap","Kontakt Leap, Maschine 3, Massive, Monark , Prism ",,,
Rolling Tides,Native Instruments,,"Maschine 3, Massive, Monark , Prism , Kontakt Leap","Kontakt Leap, Maschine 3, Massive, Monark , Prism ",,,
Sacred Futures,Native Instruments,,"Maschine 3, Massive, Monark , Prism , Kontakt Leap","Kontakt Leap, Maschine 3, Massive, Monark , Prism ",,,
Liquid Energy,Native Instruments,,"Maschine 3, Massive, Monark, Kontakt Leap","Kontakt Leap, Maschine 3, Massive, Monark",,,
Opaline Drift,Native Instruments,,"Maschine 3, Massive, Monark, Kontakt Leap","Kontakt Leap, Maschine 3, Massive, Monark",,,
Young Phantom,Native Instruments,,"Maschine 3, Massive, Prism , Kontakt Leap","Kontakt Leap, Maschine 3, Massive, Prism ",,,
Aquarius Earth,Native Instruments,,"Maschine 3, Monark , Kontakt Leap","Kontakt Leap, Maschine 3, Monark ",,,
Byte Riot,Native Instruments,,"Maschine 3, Monark , Kontakt Leap","Kontakt Leap, Maschine 3, Monark ",,,
Cavern Floor,Native Instruments,,"Maschine 3, Monark , Kontakt Leap","Kontakt Leap, Maschine 3, Monark ",,,
Deep Matter,Native Instruments,,"Maschine 3, Monark , Kontakt Leap","Kontakt Leap, Maschine 3, Monark ",,,
DJ Khalil,Native Instruments,,"Maschine 3, Monark , Kontakt Leap","Kontakt Leap, Maschine 3, Monark ",,,
Drift Theory,Native Instruments,,"Maschine 3, Monark , Kontakt Leap","Kontakt Leap, Maschine 3, Monark ",,,
Elastic Thump,Native Instruments,,"Maschine 3, Monark , Kontakt Leap","Kontakt Leap, Maschine 3, Monark ",,,
London Grit,Native Instruments,,"Maschine 3, Monark , Kontakt Leap","Kontakt Leap, Maschine 3, Monark ",,,
Molten Veil,Native Instruments,,"Maschine 3, Monark , Kontakt Leap","Kontakt Leap, Maschine 3, Monark ",,,
Motor Impact,Native Instruments,,"Maschine 3, Monark , Kontakt Leap","Kontakt Leap, Maschine 3, Monark ",,,
Sierre Grove,Native Instruments,,"Maschine 3, Monark , Kontakt Leap","Kontakt Leap, Maschine 3, Monark ",,,
Solar Breeze,Native Instruments,,"Maschine 3, Monark , Kontakt Leap","Kontakt Leap, Maschine 3, Monark ",,,
Timeless Glow,Native Instruments,,"Maschine 3, Monark , Kontakt Leap","Kontakt Leap, Maschine 3, Monark ",,,
Velvet Bloom,Native Instruments,,"Maschine 3, Monark , Kontakt Leap","Kontakt Leap, Maschine 3, Monark ",,,
Certified Gold,Native Instruments,,"Maschine 3, Monark , Prism , Kontakt Leap","Kontakt Leap, Maschine 3, Monark , Prism ",,,
Decoded Forms,Native Instruments,,"Maschine 3, Monark , Prism , Kontakt Leap","Kontakt Leap, Maschine 3, Monark , Prism ",,,
Headland Flow,Native Instruments,,"Maschine 3, Monark , Prism , Kontakt Leap","Kontakt Leap, Maschine 3, Monark , Prism ",,,
Indigo Dust,Native Instruments,,"Maschine 3, Monark , Prism , Kontakt Leap","Kontakt Leap, Maschine 3, Monark , Prism ",,,
Infamous Flow,Native Instruments,,"Maschine 3, Monark , Prism , Kontakt Leap","Kontakt Leap, Maschine 3, Monark , Prism ",,,
Lone Forest,Native Instruments,,"Maschine 3, Monark , Prism , Kontakt Leap","Kontakt Leap, Maschine 3, Monark , Prism ",,,
Meteoric Rise,Native Instruments,,"Maschine 3, Monark , Prism , Kontakt Leap","Kontakt Leap, Maschine 3, Monark , Prism ",,,
Satin Looks,Native Instruments,,"Maschine 3, Monark , Prism , Kontakt Leap","Kontakt Leap, Maschine 3, Monark , Prism ",,,
Street Swarm,Native Instruments,,"Maschine 3, Monark , Prism , Kontakt Leap","Kontakt Leap, Maschine 3, Monark , Prism ",,,
Lilac Glare,Native Instruments,,"Maschine 3, Monark, Kontakt Leap","Kontakt Leap, Maschine 3, Monark",,,
Circuit Halo,Native Instruments,,"Maschine 3, Prism , Kontakt Leap","Kontakt Leap, Maschine 3, Prism ",,,
Halcyon Sky,Native Instruments,,"Maschine 3, Prism , Kontakt Leap","Kontakt Leap, Maschine 3, Prism ",,,
Neon Drive,Native Instruments,,"Maschine 3, Prism , Kontakt Leap","Kontakt Leap, Maschine 3, Prism ",,,
Rising Crescent,Native Instruments,,"Maschine 3, Prism , Kontakt Leap","Kontakt Leap, Maschine 3, Prism ",,,
Velvet Lounge,Native Instruments,,"Maschine 3, Prism , Kontakt Leap","Kontakt Leap, Maschine 3, Prism ",,,
Massive Expansion 1,Native Instruments,,Massive,Massive,,(Only shows up in Massive) ,
Massive Expansion 2,Native Instruments,,Massive,Massive,,(Only shows up in Massive) ,
Massive Factory,Native Instruments,,Massive,Massive,,,
Massive Threat,Native Instruments,,Massive,Massive,,(Only shows up in Massive) ,
Nocturnal State,Native Instruments,,Massive,Massive,,,
Spectrum Quake,Native Instruments,,Massive,Massive,,,
Stadium Flex,Native Instruments,,Massive,Massive,,,
Urban Arsenal 1,Native Instruments,,Massive,Massive,,(Only shows up in Massive) ,
Urban Arsenal 2,Native Instruments,,Massive,Massive,,(Only shows up in Massive) ,
Beam,Native Instruments,,Massive X,Massive X,,,
Bounce,Native Instruments,,Massive X,Massive X,,,
Bump ,Native Instruments,,Massive X,Massive X,,,
Charge,Native Instruments,,Massive X,Massive X,,,
Drive,Native Instruments,,Massive X,Massive X,,,
Fade ,Native Instruments,,Massive X,Massive X,,,
Haze,Native Instruments,,Massive X,Massive X,,,
Kino,Native Instruments,,Massive X,Massive X,,,
Massive X Factory Library,Native Instruments,,Massive X,Massive X,,,
Massive X Player Library,Native Instruments,,Massive X,Massive X,,,
Mechanix,Native Instruments,,Massive X,Massive X,,,
Moebius,Native Instruments,,Massive X,Massive X,,,
Our House,Native Instruments,,Massive X,Massive X,,,
Pulse,Native Instruments,,Massive X,Massive X,,,
Quest,Native Instruments,,Massive X,Massive X,,,
Rush,Native Instruments,,Massive X,Massive X,,,
Scene,Native Instruments,,Massive X,Massive X,,,
Wake,Native Instruments,,Massive X,Massive X,,,
Hexagon Highway,Native Instruments,,"Monark , Maschine 3, Kontakt Leap","Kontakt Leap, Maschine 3, Monark ",,,
System Clash,Native Instruments,,"Monark , Prism , Maschine 3, Kontakt Leap","Kontakt Leap, Maschine 3, Monark , Prism ",,,
Prismatic Bliss,Native Instruments,,"Prism , Maschine 3, Kontakt Leap","Kontakt Leap, Maschine 3, Prism ",,,
Blocks Base,Native Instruments,,Reaktor,Reaktor,,,
Blocks Primes,Native Instruments,,Reaktor,Reaktor,,,
Form,Native Instruments,,Reaktor,Reaktor,,,
Kontour,Native Instruments,,Reaktor,Reaktor,,,
Molekular,Native Instruments,,Reaktor,Reaktor,,,
Monark,Native Instruments,,Reaktor,Reaktor,,,
Polyplex,Native Instruments,,Reaktor,Reaktor,,,
Prism,Native Instruments,,Reaktor,Reaktor,,,
Razor,Native Instruments,,Reaktor,Reaktor,,,
Reaktor Factory Library,Native Instruments,,Reaktor,Reaktor,,,
Rounds,Native Instruments,,Reaktor,Reaktor,,,
Skanner XT,Native Instruments,,Reaktor,Reaktor,,,
Spark,Native Instruments,,Reaktor,Reaktor,,,
Super 8,Native Instruments,,Reaktor,Reaktor,,,
The Finger,Native Instruments,,Reaktor,Reaktor,,,
The Mouth,Native Instruments,,Reaktor,Reaktor,,,
TRK-01,Native Instruments,,Reaktor,Reaktor,,,
TRK-01 Bass,Native Instruments,,Reaktor,Reaktor,,,
TRK-01 Kick,Native Instruments,,Reaktor,Reaktor,,,
Kasio,Oli Larkin,,Ableton Live,Ableton Live,,,
Ambient Vocals,Output,,Kontakt,,,(Exhale Expansion pack) ,
Barely Vocals,Output,,Kontakt,,,(Exhale Expansion pack) ,
EXHALE,Output,,Kontakt,Kontakt,,,
Indie Vocals,Output,,Kontakt,,,(Exhale Expansion pack) ,
MIDI Tools,Philip Meyer,,Ableton Live,Ableton Live,,,
Analog Monsters FREE,Pink Noise Studio,,Reason,Reason,"Andromeda A6
Korg MonoPoly
Korg MS-20
Korg MS-20
Korg Poly800 MKII
Moog Prodigy
Roland Juno 60
Roland Jupiter 4
Studio Electronics SE-1X
Waldorf Microwave",Dr. Rex; NN-19; NNXT; WAV,
Indi-GO!,Pink Noise Studio,,Reason,Reason,,Dr. Rex;  NNXT,
PNS Budapest Urban FX Collection,Pink Noise Studio,,Reason,Reason,,loose AIF,
PNS Instru-U-Mental Pack,Pink Noise Studio,,Reason,Reason,,NN-19; Redrum,
Quicksilver,Pink Noise Studio,,Reason,Reason,,NN-19; NNXT; Redrum; WAV,
SC55 StandardKit,Pink Noise Studio,,Reason,Reason,,loose WAV,
SoNIC-O-TooL,Pink Noise Studio,,Reason,Reason,,NN-19; Redrum; WAV,
Waldorf Salad,Pink Noise Studio,,Reason,Reason,,Combinator; NN-19; NNXT; WAV,
Retro Synths,Puremagnetik,,Ableton Live,Ableton Live,,,
Kapture,Richie Hawtin (Plastikman) and Liine,,Ableton Live,Ableton Live,,,
M4L Granulator II,Robert Henke (Monolake) ,,Ableton Live,Ableton Live,,,
PitchLoop89,Robert Henke (Monolake) ,,Ableton Live,Ableton Live,,,
Break Selection ,Sample Magic,,Ableton Live,Ableton Live,,,
Scarbee Rickenbacker Bass,Scarbee,,Kontakt,Kontakt,,,
Probability Pack,Sonic Faction,,Ableton Live,Ableton Live,,,
Balinese Flutes,Soniccouture,,Kontakt,Kontakt,,,
Balinese Gamelan 2,Soniccouture,,Kontakt,Kontakt,,,
Flowstate,Soniccouture,,Kontakt,,,,
Guzheng,Soniccouture,,Kontakt,,,,
Kim,Soniccouture,,Kontakt,,,,
Kora,Soniccouture,,Kontakt,,,,
Novachord,Soniccouture,,Kontakt,,,,
Ondes Martenot,Soniccouture,,Kontakt,,,,
Ondioline,Soniccouture,,Kontakt,,,,
Pan Drums II,Soniccouture,,Kontakt,,,,
Samulnori Percussion,Soniccouture,,Kontakt,,,,
Sheng Khaen sho,Soniccouture,,Kontakt,,,,
Tingklik,Soniccouture,,Kontakt,,,,
Wassolou Balafon,Soniccouture,,Kontakt,,,,
Golden Era Hip Hop Drums,Sound Oracle,,Ableton Live,Ableton Live,,,
Trap Drums,Sound Oracle,,Ableton Live,Ableton Live,,,
Brass Quartet,Spitfire Audio,,Ableton Live,Ableton Live,,,
String Quartet,Spitfire Audio,,Ableton Live,Ableton Live,,,
Upright Piano,Spitfire Audio,,Ableton Live,Ableton Live,,,
Backbone,Steinberg,,"Backbone, Cubase","Backbone, Cubase",,,
Backbone 1.1,Steinberg,,"Backbone, Cubase","Backbone, Cubase",,,
Analog Techno,Steinberg,,Cubase,Cubase,,,
Blockbuster,Steinberg,,Cubase,Cubase,,,
Bloom - Amy Kirkpatrick,Steinberg,,Cubase,Cubase,,,
Caleidoscope,Steinberg,,Cubase,Cubase,,,
Cinematic Electronic,Steinberg,,Cubase,Cubase,,,
Cinematic Odyssey,Steinberg,,Cubase,Cubase,,,
Dancefloor Tech House,Steinberg,,Cubase,Cubase,,,
Delicatessen,Steinberg,,Cubase,Cubase,,,
Drum Loops,Steinberg,,Cubase,Cubase,,(a.k.a Drum Loop Expansion 01),
Drum Machine Vol 01,Steinberg,,Cubase,Cubase,,(a.k.a Drum Loop Expansion 01),
Drum Machine Vol 02,Steinberg,,Cubase,Cubase,,(a.k.a Drum Loop Expansion 01),
EDM Toolbox,Steinberg,,Cubase,Cubase,,,
Future Trap,Steinberg,,Cubase,Cubase,,,
Grit & Grime,Steinberg,,Cubase,Cubase,,,
Hard Knocks,Steinberg,,Cubase,Cubase,,,
Hip Hop Vault,Steinberg,,Cubase,Cubase,,,
Laidback House,Steinberg,,Cubase,Cubase,,,
LoFi Dreams,Steinberg,,Cubase,Cubase,,,
Loopmash 2 Content,Steinberg,,Cubase,Cubase,,(LoopMash Factory Library),
Loopmash Content,Steinberg,,Cubase,Cubase,,(LoopMash Factory Library),
Mainroom Melodic House,Steinberg,,Cubase,Cubase,,,
Midnight Dance,Steinberg,,Cubase,Cubase,,,
Mystic Spaces,Steinberg,,Cubase,Cubase,,,
Night Call,Steinberg,,Cubase,Cubase,,(Night Call Synthwave) ,
Noir,Steinberg,,Cubase,Cubase,,,
Raw Ambience,Steinberg,,Cubase,Cubase,,,
Rock Pop Toolbox  ,Steinberg,,Cubase,Cubase,,,
Sequel Factory Library,Steinberg,,Cubase,Cubase,,(Sequel Content) ,
Soul Assembly,Steinberg,,Cubase,Cubase,,,
Soulful RnB Vocals,Steinberg,,Cubase,Cubase,,,
Steinberg Factory Content,Steinberg,,Cubase,Cubase,,,
Studio Kit SE,Steinberg,,Cubase,Cubase,,,
Vintage Verb Collection,Steinberg,,Cubase,Cubase,,,
Analogue Wonder,Steinberg,,"Cubase, Analogue Wonder","Analogue Wonder, Cubase",,,
Allen Morgan Signature Drums,Steinberg,,"Cubase, Groove Agent","Cubase, Groove Agent",,,
Alternative Essentials,Steinberg,,"Cubase, Groove Agent","Cubase, Groove Agent",,Drums,
Beat Agent,Steinberg,,"Cubase, Groove Agent","Cubase, Groove Agent",,,
Groove Agent ONE,Steinberg,,"Cubase, Groove Agent","Cubase, Groove Agent",,,
Groove Agent SE Factory Library,Steinberg,,"Cubase, Groove Agent","Cubase, Groove Agent",,,
Jazz Essentials,Steinberg,,"Cubase, Groove Agent","Cubase, Groove Agent",,,
Laser Beams,Steinberg,,"Cubase, Groove Agent","Cubase, Groove Agent",,,
Production Grooves,Steinberg,,"Cubase, Groove Agent","Cubase, Groove Agent",,,
Rock Pop Toolbox,Steinberg,,"Cubase, Groove Agent","Cubase, Groove Agent",,(Beat Agent Rock Pop Toolbox Drums) ,
SE Studio Kit,Steinberg,,"Cubase, Groove Agent","Cubase, Groove Agent",,,
The Kit SE,Steinberg,,"Cubase, Groove Agent","Cubase, Groove Agent",,,
Etude Elements,Steinberg,,"Cubase, HALion Sonic","Cubase, HALion Sonic",,,
Flux,Steinberg,,"Cubase, HALion Sonic","Cubase, HALion Sonic",,,
HALion Symponic Orchestra,Steinberg,,"Cubase, HALion Sonic","Cubase, HALion Sonic",,,
Iconica Sketch,Steinberg,,"Cubase, HALion Sonic","Cubase, HALion Sonic",,,
Indian Drum Basics,Steinberg,,"Cubase, HALion Sonic","Cubase, HALion Sonic",,,
Marching Percussion Basics,Steinberg,,"Cubase, HALion Sonic","Cubase, HALion Sonic",,,
Olympus Choir Micro,Steinberg,,"Cubase, HALion Sonic","Cubase, HALion Sonic",,,
Sonic Selection,Steinberg,,"Cubase, HALion Sonic","Cubase, HALion Sonic",,,
Trip,Steinberg,,"Cubase, HALion Sonic","Cubase, HALion Sonic",,,
Verve,Steinberg,,"Cubase, HALion Sonic","Cubase, HALion Sonic",,,
Writing Room Synths,Steinberg,,"Cubase, HALion Sonic",,,,
MPE Padshop,Steinberg,,"Cubase, Padshop","Cubase, Padshop",,(MPE Sounds Padshop),
Padshop,Steinberg,,"Cubase, Padshop","Cubase, Padshop",,Padshop Factory Library,
Padshop 2,Steinberg,,"Cubase, Padshop","Cubase, Padshop",,,
MPE Retrologue,Steinberg,,"Cubase, Retrologue","Cubase, Retrologue",,(MPE Sounds Retrologue),
Retrologue,Steinberg,,"Cubase, Retrologue","Cubase, Retrologue",,Retrologue Factory Library,
Retrologue 2,Steinberg,,"Cubase, Retrologue","Cubase, Retrologue",,,
Flesh,Tim Exile,,Reaktor,Reaktor,,,
Tom Pritchard Sound Design Synthesis Collection ReFill,Tom Pritchard,,Reason,Reason,,Combinator,
Tom Pritchard Sound Design ThorKit II ReFill,Tom Pritchard,,Reason,Reason,,Thor,
Tom Pritchard Sound Design ThorKit ReFill,Tom Pritchard,,Reason,Reason,,Thor,
Tom Pritchard Sound Design Vast ReFill,Tom Pritchard,,Reason,Reason,,Combinator,
Americana MIDI,Toontrack,,Superior Drummer 3,Superior Drummer 3,,Drum MIDI Packs,
Ballads MIDI,Toontrack,,Superior Drummer 3,Superior Drummer 3,,Drum MIDI Packs,
Basic Rock MIDI,Toontrack,,Superior Drummer 3,Superior Drummer 3,,Drum MIDI Packs,
Big Rock Drums EZX,Toontrack,,Superior Drummer 3,Superior Drummer 3,,EZX Sound Expansion,
Blues MIDI,Toontrack,,Superior Drummer 3,Superior Drummer 3,,Drum MIDI Packs,
Cinematic Patterns MIDI,Toontrack,,Superior Drummer 3,Superior Drummer 3,,Drum MIDI Packs,
Custom & Vintage SDX - Regular,Toontrack,,Superior Drummer 3,Superior Drummer 3,,SDX Sound Expansion,
Experimental Metal MIDI,Toontrack,,Superior Drummer 3,Superior Drummer 3,,Drum MIDI Packs,
Foundational Fusion MIDI,Toontrack,,Superior Drummer 3,Superior Drummer 3,,Drum MIDI Packs,
Funk MIDI,Toontrack,,Superior Drummer 3,Superior Drummer 3,,Drum MIDI Packs,
Jazz MIDI,Toontrack,,Superior Drummer 3,Superior Drummer 3,,Drum MIDI Packs,
Latin Rhythms MIDI,Toontrack,,Superior Drummer 3,Superior Drummer 3,,Drum MIDI Packs,
Linear Fusion MIDI,Toontrack,,Superior Drummer 3,Superior Drummer 3,,Drum MIDI Packs,
Metal Fusion MIDI,Toontrack,,Superior Drummer 3,Superior Drummer 3,,Drum MIDI Packs,
Metal Modulation MIDI,Toontrack,,Superior Drummer 3,Superior Drummer 3,,Drum MIDI Packs,
Monster MIDI Pack,Toontrack,,Superior Drummer 3,Superior Drummer 3,,Drum MIDI Packs,
Monster MIDI Pack 2 - Odd Meters,Toontrack,,Superior Drummer 3,Superior Drummer 3,,Drum MIDI Packs,
Monster MIDI Pack 3 - Fills,Toontrack,,Superior Drummer 3,Superior Drummer 3,,Drum MIDI Packs,
Monster MIDI Pack 4 - Fills Odd Meters,Toontrack,,Superior Drummer 3,Superior Drummer 3,,Drum MIDI Packs,
Monumental MIDI,Toontrack,,Superior Drummer 3,Superior Drummer 3,,Drum MIDI Packs,
Post-Rock Grooves,Toontrack,,Superior Drummer 3,Superior Drummer 3,,Drum MIDI Packs,
Progression Fusion MIDI,Toontrack,,Superior Drummer 3,Superior Drummer 3,,Drum MIDI Packs,
Progressive EZX,Toontrack,,Superior Drummer 3,Superior Drummer 3,,EZX Sound Expansion,
Progressive Metal 2 MIDI,Toontrack,,Superior Drummer 3,Superior Drummer 3,,Drum MIDI Packs,
Progressive Metal MIDI,Toontrack,,Superior Drummer 3,Superior Drummer 3,,Drum MIDI Packs,
Progressive Patterns MIDI,Toontrack,,Superior Drummer 3,Superior Drummer 3,,Drum MIDI Packs,
Roots MIDI,Toontrack,,Superior Drummer 3,Superior Drummer 3,,Drum MIDI Packs,
Superior Drummer 3,Toontrack,,Superior Drummer 3,Superior Drummer 3,,,
The Blues EZX,Toontrack,,Superior Drummer 3,Superior Drummer 3,,EZX Sound Expansion,
The Metal Foundry SDX,Toontrack,,Superior Drummer 3,Superior Drummer 3,,SDX Sound Expansion,
The Progressive Foundry SDX,Toontrack,,Superior Drummer 3,Superior Drummer 3,,SDX Sound Expansion,
The Rock Foundry SDX,Toontrack,,Superior Drummer 3,Superior Drummer 3,,SDX Sound Expansion,
The Rock Warehouse SDX,Toontrack,,Superior Drummer 3,Superior Drummer 3,,SDX Sound Expansion,
The Rooms of Hansa SDX,Toontrack,,Superior Drummer 3,Superior Drummer 3,,SDX Sound Expansion,
Area 33 SDX,Toontrack,,Superior Drummer 3,Superior Drummer 3,,SDX Sound Expansion,
Area 33 - Origin SDX,Toontrack,,Superior Drummer 3,Superior Drummer 3,,SDX Sound Expansion,
Decades SDX,Toontrack,,Superior Drummer 3,Superior Drummer 3,,SDX Sound Expansion,
Fields of Rock SDX,Toontrack,,Superior Drummer 3,Superior Drummer 3,,SDX Sound Expansion,
New York Studios Vol. 1 SDX,Toontrack,,Superior Drummer 3,Superior Drummer 3,,SDX Sound Expansion,
State of the Art SDX,Toontrack,,Superior Drummer 3,Superior Drummer 3,,SDX Sound Expansion,
Vinyl Classics,Zero G,,Ableton Live,Ableton Live,,,